[
  {
    "model": "projects.skill",
    "pk": 1,
    "fields": {
      "name": "Backend development"
    }
  },
  {
    "model": "projects.skill",
    "pk": 2,
    "fields": {
      "name": "Frontend development"
    }
  },
  {
    "model": "projects.skill",
    "pk": 3,
    "fields": {
      "name": "Product owner"
    }
  },
  {
    "model": "projects.skill",
    "pk": 4,
    "fields": {
      "name": "UX designer"
    }
  },
  {
    "model": "projects.skill",
    "pk": 5,
    "fields": {
      "name": "AI Consultant"
    }
  },
  {
    "model": "projects.skill",
    "pk": 6,
    "fields": {
      "name": "AI Jurist"
    }
  },
  {
    "model": "projects.skill",
    "pk": 7,
    "fields": {
      "name": "Researcher"
    }
  },
  {
    "model": "projects.skill",
    "pk": 8,
    "fields": {
      "name": "Data engineer"
    }
  },
  {
    "model": "projects.skill",
    "pk": 9,
    "fields": {
      "name": "Project leader"
    }
  },
  {
    "model": "projects.skill",
    "pk": 10,
    "fields": {
      "name": "(Interim) Manager"
    }
  },
  {
    "model": "projects.skill",
    "pk": 11,
    "fields": {
      "name": "Procesbegeleider"
    }
  },
  {
    "model": "projects.skill",
    "pk": 12,
    "fields": {
      "name": "Organisatieadviseur"
    }
  },
  {
    "model": "projects.skill",
    "pk": 13,
    "fields": {
      "name": "Programmamanager"
    }
  },
  {
    "model": "projects.skill",
    "pk": 14,
    "fields": {
      "name": "Beleidsadviseur"
    }
  },
  {
    "model": "projects.skill",
    "pk": 15,
    "fields": {
      "name": "Kwartiermaker"
    }
  },
  {
    "model": "projects.skill",
    "pk": 16,
    "fields": {
      "name": "Verandermanager"
    }
  },
  {
    "model": "projects.skill",
    "pk": 17,
    "fields": {
      "name": "I-Adviseur"
    }
  },
  {
    "model": "projects.skill",
    "pk": 18,
    "fields": {
      "name": "CIO"
    }
  },
  {
    "model": "projects.skill",
    "pk": 19,
    "fields": {
      "name": "Solution Architect"
    }
  },
  {
    "model": "projects.ministry",
    "pk": 1,
    "fields": {
      "name": "Ministerie van Algemene Zaken",
      "abbreviation": "AZ"
    }
  },
  {
    "model": "projects.ministry",
    "pk": 2,
    "fields": {
      "name": "Ministerie van Asiel en Migratie",
      "abbreviation": "A&M"
    }
  },
  {
    "model": "projects.ministry",
    "pk": 3,
    "fields": {
      "name": "Ministerie van Binnenlandse Zaken en Koninkrijksrelaties",
      "abbreviation": "BZK"
    }
  },
  {
    "model": "projects.ministry",
    "pk": 4,
    "fields": {
      "name": "Ministerie van Buitenlandse Zaken",
      "abbreviation": "BZ"
    }
  },
  {
    "model": "projects.ministry",
    "pk": 5,
    "fields": {
      "name": "Ministerie van Defensie",
      "abbreviation": "DEF"
    }
  },
  {
    "model": "projects.ministry",
    "pk": 6,
    "fields": {
      "name": "Ministerie van Economische Zaken",
      "abbreviation": "EZ"
    }
  },
  {
    "model": "projects.ministry",
    "pk": 7,
    "fields": {
      "name": "Ministerie van Financiën",
      "abbreviation": "FIN"
    }
  },
  {
    "model": "projects.ministry",
    "pk": 8,
    "fields": {
      "name": "Ministerie van Volksgezondheid, Welzijn en Sport",
      "abbreviation": "VWS"
    }
  },
  {
    "model": "projects.ministry",
    "pk": 9,
    "fields": {
      "name": "Ministerie van Infrastructuur en Waterstaat",
      "abbreviation": "I&W"
    }
  },
  {
    "model": "projects.ministry",
    "pk": 10,
    "fields": {
      "name": "Ministerie van Justitie en Veiligheid",
      "abbreviation": "J&V"
    }
  },
  {
    "model": "projects.ministry",
    "pk": 11,
    "fields": {
      "name": "Ministerie van Onderwijs, Cultuur en Wetenschap",
      "abbreviation": "OCW"
    }
  },
  {
    "model": "projects.ministry",
    "pk": 12,
    "fields": {
      "name": "Ministerie van Sociale Zaken en Werkgelegenheid",
      "abbreviation": "SZW"
    }
  },
  {
    "model": "projects.ministry",
    "pk": 13,
    "fields": {
      "name": "Ministerie van Landbouw, Visserij, Voedselzekerheid en Natuur",
      "abbreviation": "LVVN"
    }
  },
  {
    "model": "projects.ministry",
    "pk": 14,
    "fields": {
      "name": "Ministerie van Volkshuisvesting en Ruimtelijke Ordening",
      "abbreviation": "VRO"
    }
  },
  {
    "model": "projects.ministry",
    "pk": 15,
    "fields": {
      "name": "Ministerie van Klimaat en Groene Groei",
      "abbreviation": "KGG"
    }
  },
  {
    "model": "projects.ministry",
    "pk": 16,
    "fields": {
      "name": "Hoge Colleges van Staat",
      "abbreviation": "HoCoSta"
    }
  },
  {
    "model": "projects.ministry",
    "pk": 17,
    "fields": {
      "name": "Eerste Kamer",
      "abbreviation": "EK"
    }
  },
  {
    "model": "projects.ministry",
    "pk": 18,
    "fields": {
      "name": "Tweede Kamer",
      "abbreviation": "TK"
    }
  },
  {
    "model": "projects.expertise",
    "pk": 1,
    "fields": {
      "name": "Strategie, beleid, governance en compliance"
    }
  },
  {
    "model": "projects.expertise",
    "pk": 2,
    "fields": {
      "name": "Architectuur en technologie"
    }
  },
  {
    "model": "projects.expertise",
    "pk": 3,
    "fields": {
      "name": "Agile, project- programma- en portfoliomanagement"
    }
  },
  {
    "model": "projects.expertise",
    "pk": 4,
    "fields": {
      "name": "Proces- en ketenmanagement"
    }
  },
  {
    "model": "projects.expertise",
    "pk": 5,
    "fields": {
      "name": "Verander- en transformatiemanagement"
    }
  },
  {
    "model": "projects.expertise",
    "pk": 6,
    "fields": {
      "name": "Interimmanagement en advies"
    }
  },
  {
    "model": "projects.expertise",
    "pk": 7,
    "fields": {
      "name": "AI"
    }
  },
  {
    "model": "projects.expertise",
    "pk": 8,
    "fields": {
      "name": "ICT"
    }
  },
  {
    "model": "projects.expertise",
    "pk": 9,
    "fields": {
      "name": "Software en data engineering"
    }
  },
  {
    "model": "projects.expertise",
    "pk": 10,
    "fields": {
      "name": "Cloud en platform technologie"
    }
  },
  {
    "model": "projects.expertise",
    "pk": 11,
    "fields": {
      "name": "Security en privacy"
    }
  },
  {
    "model": "projects.expertise",
    "pk": 12,
    "fields": {
      "name": "Opleiding, training en ontwikkeling"
    }
  },
  {
    "model": "projects.expertise",
    "pk": 13,
    "fields": {
      "name": "Kennis- en innovatiemanagement"
    }
  },
  {
    "model": "projects.brand",
    "pk": 1,
    "fields": {
      "name": "Rijks ICT Gilde"
    }
  },
  {
    "model": "projects.brand",
    "pk": 2,
    "fields": {
      "name": "Rijks I-Traineeship"
    }
  },
  {
    "model": "projects.brand",
    "pk": 3,
    "fields": {
      "name": "Rijksconsultants"
    }
  },
  {
    "model": "projects.brand",
    "pk": 4,
    "fields": {
      "name": "I-Interim Rijk"
    }
  },
  {
    "model": "projects.colleague",
    "pk": 1,
    "fields": {
      "name": "Jan van der Berg",
      "brand": 1,
      "expertises": [8, 2],
      "skills": [1, 9]
    }
  },
  {
    "model": "projects.colleague",
    "pk": 2,
    "fields": {
      "name": "Lisa Jansen",
      "brand": 2,
      "expertises": [9, 10],
      "skills": [2, 4]
    }
  },
  {
    "model": "projects.colleague",
    "pk": 3,
    "fields": {
      "name": "Mohammed Ali",
      "brand": 1,
      "expertises": [7, 8],
      "skills": [5, 8]
    }
  },
  {
    "model": "projects.colleague",
    "pk": 4,
    "fields": {
      "name": "Sarah de Vries",
      "brand": 3,
      "expertises": [3, 1],
      "skills": [3, 6]
    }
  },
  {
    "model": "projects.colleague",
    "pk": 5,
    "fields": {
      "name": "Thomas Bakker",
      "brand": 4,
      "expertises": [6],
      "skills": [7, 1]
    }
  },
  {
    "model": "projects.colleague",
    "pk": 6,
    "fields": {
      "name": "Emma Visser",
      "brand": 1,
      "expertises": [11, 10],
      "skills": [2, 5]
    }
  },
  {
    "model": "projects.colleague",
    "pk": 7,
    "fields": {
      "name": "Pieter Smit",
      "brand": 2,
      "expertises": [10, 9],
      "skills": [8, 9]
    }
  },
  {
    "model": "projects.colleague",
    "pk": 8,
    "fields": {
      "name": "Fatima Hassan",
      "brand": 3,
      "expertises": [1, 4],
      "skills": [4, 3]
    }
  },
  {
    "model": "projects.colleague",
    "pk": 9,
    "fields": {
      "name": "Ruben de Jong",
      "brand": 4,
      "expertises": [5, 6],
      "skills": [6, 7]
    }
  },
  {
    "model": "projects.colleague",
    "pk": 10,
    "fields": {
      "name": "Anna Mulder",
      "brand": 1,
      "expertises": [2, 8],
      "skills": [1, 8]
    }
  },
  {
    "model": "projects.colleague",
    "pk": 11,
    "fields": {
      "name": "Kevin van Dijk",
      "brand": 2,
      "expertises": [13, 12],
      "skills": [2, 9]
    }
  },
  {
    "model": "projects.colleague",
    "pk": 12,
    "fields": {
      "name": "Marloes Hendriks",
      "brand": 3,
      "expertises": [4, 5],
      "skills": [5, 4]
    }
  },
  {
    "model": "projects.colleague",
    "pk": 13,
    "fields": {
      "name": "Ahmed Osman",
      "brand": 4,
      "expertises": [12, 13],
      "skills": [8, 6]
    }
  },
  {
    "model": "projects.colleague",
    "pk": 14,
    "fields": {
      "name": "Sophie Brouwer",
      "brand": 1,
      "expertises": [8, 7],
      "skills": [3, 7]
    }
  },
  {
    "model": "projects.colleague",
    "pk": 15,
    "fields": {
      "name": "Marco van Leeuwen",
      "brand": 2,
      "expertises": [3, 1],
      "skills": [1, 5]
    }
  },
  {
    "model": "projects.colleague",
    "pk": 16,
    "fields": {
      "name": "Nadia Kowalski",
      "brand": 3,
      "expertises": [1, 3],
      "skills": [2, 4]
    }
  },
  {
    "model": "projects.colleague",
    "pk": 17,
    "fields": {
      "name": "Jeroen Peters",
      "brand": 4,
      "expertises": [9, 10],
      "skills": [9, 8]
    }
  },
  {
    "model": "projects.colleague",
    "pk": 18,
    "fields": {
      "name": "Yasmin El Hadj",
      "brand": 1,
      "expertises": [11, 8],
      "skills": [6, 3]
    }
  },
  {
    "model": "projects.colleague",
    "pk": 19,
    "fields": {
      "name": "Daan Schouten",
      "brand": 2,
      "expertises": [10, 11],
      "skills": [7, 1]
    }
  },
  {
    "model": "projects.colleague",
    "pk": 20,
    "fields": {
      "name": "Inge Vos",
      "brand": 3,
      "expertises": [2, 9],
      "skills": [5, 2]
    }
  },
  {
    "model": "projects.colleague",
    "pk": 21,
    "fields": {
      "name": "Willem van der Berg",
      "brand": 4,
      "expertises": [6, 1],
      "skills": [10, 13]
    }
  },
  {
    "model": "projects.colleague",
    "pk": 22,
    "fields": {
      "name": "Marieke Janssen",
      "brand": 1,
      "expertises": [4, 5], 
      "skills": [11, 16]
    }
  },
  {
    "model": "projects.colleague",
    "pk": 23,
    "fields": {
      "name": "Hassan Ahmed",
      "brand": 2,
      "expertises": [1, 3],
      "skills": [14, 12]
    }
  },
  {
    "model": "projects.colleague",
    "pk": 24,
    "fields": {
      "name": "Laura van Dijk",
      "brand": 3,
      "expertises": [2, 8],
      "skills": [17, 19]
    }
  },
  {
    "model": "projects.colleague",
    "pk": 25,
    "fields": {
      "name": "Michiel Bakker",
      "brand": 4,
      "expertises": [6, 5],
      "skills": [18, 15]
    }
  },
  {
    "model": "projects.colleague",
    "pk": 26,
    "fields": {
      "name": "Aisha El Mansouri",
      "brand": 1,
      "expertises": [3, 4],
      "skills": [13, 11]
    }
  },
  {
    "model": "projects.colleague",
    "pk": 27,
    "fields": {
      "name": "Rob Hendricks",
      "brand": 2,
      "expertises": [5, 1],
      "skills": [16, 10]
    }
  },
  {
    "model": "projects.colleague",
    "pk": 28,
    "fields": {
      "name": "Priya Sharma",
      "brand": 3,
      "expertises": [1, 6],
      "skills": [14, 18]
    }
  },
  {
    "model": "projects.colleague",
    "pk": 29,
    "fields": {
      "name": "Joris Mulder",
      "brand": 4,
      "expertises": [2, 8],
      "skills": [19, 17]
    }
  },
  {
    "model": "projects.colleague",
    "pk": 30,
    "fields": {
      "name": "Samira Hassan",
      "brand": 1,
      "expertises": [4, 3],
      "skills": [12, 15]
    }
  },
  {
    "model": "projects.assignment",
    "pk": 1,
    "fields": {
      "name": "Digitale Identiteit Platform",
      "start_date": "2024-06-01",
      "end_date": "2025-08-31",
      "status": "LOPEND",
      "organization": "Logius",
      "ministry": 3,
      "extra_info": "Ontwikkeling van een veilig digitaal identiteitsplatform voor overheidsservices",
      "assignment_type": "GROUP"
    }
  },
  {
    "model": "projects.assignment",
    "pk": 2,
    "fields": {
      "name": "Data Platform voor Zorgverzekeraars",
      "start_date": "2025-08-01",
      "end_date": "2026-03-31",
      "status": "OPEN",
      "organization": "Zorginstituut Nederland",
      "ministry": 8,
      "extra_info": "Opzetten van een centraal data platform voor het analyseren van zorgdata",
      "assignment_type": "GROUP"
    }
  },
  {
    "model": "projects.assignment",
    "pk": 3,
    "fields": {
      "name": "Juridische AI Assistent",
      "start_date": "2025-09-01",
      "end_date": null,
      "status": "LEAD",
      "organization": "Directie Wetgeving en Juridische Zaken",
      "ministry": 10,
      "extra_info": "AI-tool voor het ondersteunen van juristen bij contractanalyse",
      "assignment_type": "INDIVIDUAL"
    }
  },
  {
    "model": "projects.assignment",
    "pk": 4,
    "fields": {
      "name": "E-commerce Platform Redesign",
      "start_date": "2023-10-01",
      "end_date": "2024-02-28",
      "status": "HISTORISCH",
      "organization": "Rijksdienst voor Ondernemend Nederland (RVO)",
      "ministry": 6,
      "extra_info": "Complete redesign van het e-commerce platform met focus on mobile-first",
      "assignment_type": "GROUP"
    }
  },
  {
    "model": "projects.assignment",
    "pk": 5,
    "fields": {
      "name": "Blockchain Onderzoek",
      "start_date": "2024-02-01",
      "end_date": "2024-03-31",
      "status": "AFGEWEZEN",
      "organization": "De Nederlandsche Bank (DNB)",
      "ministry": 7,
      "extra_info": "Haalbaarheidsstudie voor blockchain implementatie in betalingsverkeer",
      "assignment_type": "INDIVIDUAL"
    }
  },
  {
    "model": "projects.assignment",
    "pk": 6,
    "fields": {
      "name": "Machine Learning Platform",
      "start_date": "2024-06-01",
      "end_date": "2025-11-30",
      "status": "LOPEND",
      "organization": "RIVM - Centrum Infectieziektebestrijding",
      "ministry": 8,
      "extra_info": "Ontwikkeling van een ML platform voor medische beeldanalyse",
      "assignment_type": "GROUP"
    }
  },
  {
    "model": "projects.assignment",
    "pk": 7,
    "fields": {
      "name": "Digitaal Loket Modernisering",
      "start_date": "2025-08-01",
      "end_date": "2026-01-31",
      "status": "OPEN",
      "organization": "Directie Digitalisering BZK",
      "ministry": 3,
      "extra_info": "Modernisering van digitale overheidsloketten voor betere gebruikerservaring",
      "assignment_type": "GROUP"
    }
  },
  {
    "model": "projects.assignment",
    "pk": 8,
    "fields": {
      "name": "Cybersecurity Audit Tool",
      "start_date": "2024-03-01",
      "end_date": "2025-08-31",
      "status": "LOPEND",
      "organization": "Agentschap Telecom",
      "ministry": 6,
      "extra_info": "Geautomatiseerde tool voor cybersecurity audits",
      "assignment_type": "INDIVIDUAL"
    }
  },
  {
    "model": "projects.assignment",
    "pk": 9,
    "fields": {
      "name": "Logistiek Optimalisatie Systeem",
      "start_date": "2023-09-01",
      "end_date": "2024-01-31",
      "status": "HISTORISCH",
      "organization": "Rijkswaterstaat - Directie Verkeersinformatie",
      "ministry": 9,
      "extra_info": "AI-gedreven optimalisatie van logistieke routes",
      "assignment_type": "GROUP"
    }
  },
  {
    "model": "projects.assignment",
    "pk": 10,
    "fields": {
      "name": "Fintech Mobile App",
      "start_date": "2024-05-15",
      "end_date": "2025-09-30",
      "status": "LOPEND",
      "organization": "Belastingdienst - Directie ICT",
      "ministry": 7,
      "extra_info": "Nieuwe features voor mobile banking applicatie",
      "assignment_type": "GROUP"
    }
  },
  {
    "model": "projects.assignment",
    "pk": 11,
    "fields": {
      "name": "Healthcare Data Analysis",
      "start_date": "2025-08-15",
      "end_date": null,
      "status": "LEAD",
      "organization": "Nederlandse Zorgautoriteit (NZa)",
      "ministry": 8,
      "extra_info": "Analyse van patiëntdata voor verbeterde zorguitkomsten",
      "assignment_type": "INDIVIDUAL"
    }
  },
  {
    "model": "projects.assignment",
    "pk": 12,
    "fields": {
      "name": "Energy Management System",
      "start_date": "2025-09-15",
      "end_date": "2026-08-28",
      "status": "OPEN",
      "organization": "Netbeheer Nederland",
      "ministry": 6,
      "extra_info": "Smart grid management en energie voorspelling",
      "assignment_type": "GROUP"
    }
  },
  {
    "model": "projects.assignment",
    "pk": 13,
    "fields": {
      "name": "E-learning Platform",
      "start_date": "2023-11-01",
      "end_date": "2024-04-30",
      "status": "HISTORISCH",
      "organization": "DUO - Dienst Uitvoering Onderwijs",
      "ministry": 11,
      "extra_info": "Interactief leerplatform voor online onderwijs",
      "assignment_type": "GROUP"
    }
  },
  {
    "model": "projects.assignment",
    "pk": 14,
    "fields": {
      "name": "IoT Monitoring Systeem",
      "start_date": "2024-05-20",
      "end_date": "2025-07-31",
      "status": "LOPEND",
      "organization": "Royal Schiphol Group",
      "ministry": 9,
      "extra_info": "Real-time monitoring van luchthaven infrastructuur",
      "assignment_type": "GROUP"
    }
  },
  {
    "model": "projects.assignment",
    "pk": 15,
    "fields": {
      "name": "Digital Twin Manufacturing",
      "start_date": "2025-08-01",
      "end_date": null,
      "status": "LEAD",
      "organization": "TNO - Nederlandse Organisatie voor Toegepast Natuurwetenschappelijk Onderzoek",
      "ministry": 6,
      "extra_info": "Digitale tweeling voor productie-optimalisatie",
      "assignment_type": "INDIVIDUAL"
    }
  },
  {
    "model": "projects.assignment",
    "pk": 16,
    "fields": {
      "name": "Social Media Analytics",
      "start_date": "2025-09-01",
      "end_date": "2026-02-28",
      "status": "OPEN",
      "organization": "Centraal Bureau voor de Statistiek (CBS)",
      "ministry": 6,
      "extra_info": "Sentimentanalyse van sociale media voor content strategie",
      "assignment_type": "GROUP"
    }
  },
  {
    "model": "projects.assignment",
    "pk": 17,
    "fields": {
      "name": "Agricultural AI Assistant",
      "start_date": "2023-08-01",
      "end_date": "2024-03-31",
      "status": "HISTORISCH",
      "organization": "Wageningen University & Research",
      "ministry": 13,
      "extra_info": "AI-tool voor gewasvoorspelling en bodem analyse",
      "assignment_type": "INDIVIDUAL"
    }
  },
  {
    "model": "projects.assignment",
    "pk": 18,
    "fields": {
      "name": "Supply Chain Transparency",
      "start_date": "2024-02-01",
      "end_date": "2025-11-30",
      "status": "LOPEND",
      "organization": "Kamer van Koophandel (KvK)",
      "ministry": 6,
      "extra_info": "Blockchain-gebaseerde supply chain tracking",
      "assignment_type": "GROUP"
    }
  },
  {
    "model": "projects.assignment",
    "pk": 19,
    "fields": {
      "name": "Fraud Detection System",
      "start_date": "2025-08-01",
      "end_date": "2026-04-30",
      "status": "OPEN",
      "organization": "Fiscale Inlichtingen- en Opsporingsdienst (FIOD)",
      "ministry": 7,
      "extra_info": "Machine learning voor fraudedetectie in transacties",
      "assignment_type": "INDIVIDUAL"
    }
  },
  {
    "model": "projects.assignment",
    "pk": 20,
    "fields": {
      "name": "Climate Data Portal",
      "start_date": "2024-01-01",
      "end_date": "2025-08-31",
      "status": "LOPEND",
      "organization": "Koninklijk Nederlands Meteorologisch Instituut (KNMI)",
      "ministry": 15,
      "extra_info": "Publieke portal voor toegang tot klimaatdata",
      "assignment_type": "GROUP"
    }
  },
  {
    "model": "projects.assignment",
    "pk": 21,
    "fields": {
      "name": "Modernisering Sociale Zekerheid Systeem",
      "start_date": "2025-09-01",
      "end_date": "2027-03-31",
      "status": "OPEN",
      "organization": "UWV",
      "ministry": 12,
      "extra_info": "Vernieuwing van IT-systemen voor uitkeringen en sociale zekerheid",
      "assignment_type": "GROUP"
    }
  },
  {
    "model": "projects.assignment",
    "pk": 22,
    "fields": {
      "name": "Defensie AI Strategie Implementatie",
      "start_date": "2024-10-01",
      "end_date": "2026-12-31",
      "status": "LOPEND",
      "organization": "Defensie Materieel Organisatie",
      "ministry": 5,
      "extra_info": "Strategische implementatie van AI-toepassingen binnen Defensie",
      "assignment_type": "INDIVIDUAL"
    }
  },
  {
    "model": "projects.assignment",
    "pk": 23,
    "fields": {
      "name": "Migratie Data Platform",
      "start_date": "2025-08-15",
      "end_date": "2026-06-30",
      "status": "OPEN",
      "organization": "Immigratie- en Naturalisatiedienst (IND)",
      "ministry": 2,
      "extra_info": "Centraal platform voor migratie en asielprocedure data-analyse",
      "assignment_type": "GROUP"
    }
  },
  {
    "model": "projects.assignment",
    "pk": 24,
    "fields": {
      "name": "Digitale Diplomatie Platform",
      "start_date": "2024-11-01",
      "end_date": "2025-10-31",
      "status": "LOPEND",
      "organization": "Directie Digitale Diplomatie",
      "ministry": 4,
      "extra_info": "Platform voor digitale diplomatieke communicatie en samenwerking",
      "assignment_type": "GROUP"
    }
  },
  {
    "model": "projects.assignment",
    "pk": 25,
    "fields": {
      "name": "Woningbouw Monitoring Dashboard",
      "start_date": "2025-08-01",
      "end_date": null,
      "status": "LEAD",
      "organization": "Rijksdienst voor Ondernemend Nederland (RVO)",
      "ministry": 14,
      "extra_info": "Real-time monitoring en analyse van woningbouwprojecten",
      "assignment_type": "INDIVIDUAL"
    }
  },
  {
    "model": "projects.assignment",
    "pk": 26,
    "fields": {
      "name": "Onderwijsdata Analytics Platform",
      "start_date": "2024-09-01",
      "end_date": "2025-12-31",
      "status": "LOPEND",
      "organization": "Inspectie van het Onderwijs",
      "ministry": 11,
      "extra_info": "Data-analyse voor onderwijskwaliteit en prestatiemonitoring",
      "assignment_type": "GROUP"
    }
  },
  {
    "model": "projects.assignment",
    "pk": 27,
    "fields": {
      "name": "Kabinet Communicatie Modernisering",
      "start_date": "2025-09-15",
      "end_date": "2026-08-31",
      "status": "OPEN",
      "organization": "Rijksvoorlichtingsdienst (RVD)",
      "ministry": 1,
      "extra_info": "Modernisering van digitale communicatiekanalen van het Kabinet",
      "assignment_type": "GROUP"
    }
  },
  {
    "model": "projects.service",
    "pk": 1,
    "fields": {
      "assignment": 1,
      "description": "Backend ontwikkeling en projectleiding",
      "skill": 1,
      "cost_type": "PER_HOUR",
      "hours_per_week": 32,
      "period_source": "ASSIGNMENT"
    }
  },
  {
    "model": "projects.service",
    "pk": 2,
    "fields": {
      "assignment": 1,
      "description": "Frontend ontwikkeling en UX design",
      "skill": 2,
      "cost_type": "PER_HOUR",
      "hours_per_week": 24,
      "period_source": "ASSIGNMENT"
    }
  },
  {
    "model": "projects.service",
    "pk": 3,
    "fields": {
      "assignment": 1,
      "description": "AI consultancy voor chatbot",
      "skill": 5,
      "cost_type": "PER_HOUR",
      "hours_per_week": 16,
      "period_source": "ASSIGNMENT"
    }
  },
  {
    "model": "projects.service",
    "pk": 4,
    "fields": {
      "assignment": 2,
      "description": "Data engineering en projectleiding",
      "skill": 8,
      "cost_type": "PER_HOUR",
      "hours_per_week": 40,
      "period_source": "ASSIGNMENT"
    }
  },
  {
    "model": "projects.service",
    "pk": 5,
    "fields": {
      "assignment": 2,
      "description": "Product owner rol",
      "skill": 3,
      "cost_type": "PER_HOUR",
      "hours_per_week": 32,
      "period_source": "ASSIGNMENT"
    }
  },
  {
    "model": "projects.service",
    "pk": 6,
    "fields": {
      "assignment": 3,
      "description": "Juridische AI expertise",
      "skill": 6,
      "cost_type": "PER_HOUR",
      "hours_per_week": 40,
      "period_source": "ASSIGNMENT"
    }
  },
  {
    "model": "projects.service",
    "pk": 7,
    "fields": {
      "assignment": 4,
      "description": "Frontend ontwikkeling en projectleiding",
      "skill": 2,
      "cost_type": "PER_HOUR",
      "hours_per_week": 32,
      "period_source": "ASSIGNMENT"
    }
  },
  {
    "model": "projects.service",
    "pk": 8,
    "fields": {
      "assignment": 4,
      "description": "UX design voor e-commerce",
      "skill": 4,
      "cost_type": "PER_HOUR",
      "hours_per_week": 40,
      "period_source": "ASSIGNMENT"
    }
  },
  {
    "model": "projects.service",
    "pk": 9,
    "fields": {
      "assignment": 5,
      "description": "Blockchain onderzoek",
      "skill": 7,
      "cost_type": "FIXED_PRICE",
      "fixed_cost": 15000.00,
      "period_source": "ASSIGNMENT"
    }
  },
  {
    "model": "projects.service",
    "pk": 10,
    "fields": {
      "assignment": 6,
      "description": "Backend en AI ontwikkeling",
      "skill": 1,
      "cost_type": "PER_HOUR",
      "hours_per_week": 32,
      "period_source": "ASSIGNMENT"
    }
  },
  {
    "model": "projects.service",
    "pk": 11,
    "fields": {
      "assignment": 6,
      "description": "AI consultancy en UX design",
      "skill": 5,
      "cost_type": "PER_HOUR",
      "hours_per_week": 24,
      "period_source": "ASSIGNMENT"
    }
  },
  {
    "model": "projects.service",
    "pk": 12,
    "fields": {
      "assignment": 7,
      "description": "Frontend en UX voor dashboard",
      "skill": 2,
      "cost_type": "PER_HOUR",
      "hours_per_week": 32,
      "period_source": "ASSIGNMENT"
    }
  },
  {
    "model": "projects.service",
    "pk": 13,
    "fields": {
      "assignment": 7,
      "description": "Projectleiding en data engineering",
      "skill": 9,
      "cost_type": "PER_HOUR",
      "hours_per_week": 40,
      "period_source": "ASSIGNMENT"
    }
  },
  {
    "model": "projects.service",
    "pk": 14,
    "fields": {
      "assignment": 8,
      "description": "Onderzoek en backend ontwikkeling",
      "skill": 7,
      "cost_type": "PER_HOUR",
      "hours_per_week": 40,
      "period_source": "ASSIGNMENT"
    }
  },
  {
    "model": "projects.service",
    "pk": 15,
    "fields": {
      "assignment": 9,
      "description": "Projectleiding logistiek",
      "skill": 9,
      "cost_type": "PER_HOUR",
      "hours_per_week": 32,
      "period_source": "ASSIGNMENT"
    }
  },
  {
    "model": "projects.service",
    "pk": 16,
    "fields": {
      "assignment": 9,
      "description": "Backend en data engineering",
      "skill": 1,
      "cost_type": "PER_HOUR",
      "hours_per_week": 40,
      "period_source": "ASSIGNMENT"
    }
  },
  {
    "model": "projects.service",
    "pk": 17,
    "fields": {
      "assignment": 10,
      "description": "Frontend ontwikkeling mobile",
      "skill": 2,
      "cost_type": "PER_HOUR",
      "hours_per_week": 32,
      "period_source": "ASSIGNMENT"
    }
  },
  {
    "model": "projects.service",
    "pk": 18,
    "fields": {
      "assignment": 10,
      "description": "Backend ontwikkeling mobile",
      "skill": 1,
      "cost_type": "PER_HOUR",
      "hours_per_week": 24,
      "period_source": "ASSIGNMENT"
    }
  },
  {
    "model": "projects.service",
    "pk": 19,
    "fields": {
      "assignment": 11,
      "description": "Data engineering voor zorgdata",
      "skill": 8,
      "cost_type": "PER_HOUR",
      "hours_per_week": 40,
      "period_source": "ASSIGNMENT"
    }
  },
  {
    "model": "projects.service",
    "pk": 20,
    "fields": {
      "assignment": 12,
      "description": "Data engineering voor energie",
      "skill": 8,
      "cost_type": "PER_HOUR",
      "hours_per_week": 32,
      "period_source": "ASSIGNMENT"
    }
  },
  {
    "model": "projects.service",
    "pk": 21,
    "fields": {
      "assignment": 12,
      "description": "AI consultancy energie",
      "skill": 5,
      "cost_type": "PER_HOUR",
      "hours_per_week": 24,
      "period_source": "ASSIGNMENT"
    }
  },
  {
    "model": "projects.service",
    "pk": 22,
    "fields": {
      "assignment": 13,
      "description": "Product owner e-learning",
      "skill": 3,
      "cost_type": "PER_HOUR",
      "hours_per_week": 32,
      "period_source": "ASSIGNMENT"
    }
  },
  {
    "model": "projects.service",
    "pk": 23,
    "fields": {
      "assignment": 13,
      "description": "UX design e-learning",
      "skill": 4,
      "cost_type": "PER_HOUR",
      "hours_per_week": 40,
      "period_source": "ASSIGNMENT"
    }
  },
  {
    "model": "projects.service",
    "pk": 24,
    "fields": {
      "assignment": 14,
      "description": "UX design en product owner IoT",
      "skill": 4,
      "cost_type": "PER_HOUR",
      "hours_per_week": 32,
      "period_source": "ASSIGNMENT"
    }
  },
  {
    "model": "projects.service",
    "pk": 25,
    "fields": {
      "assignment": 14,
      "description": "Backend ontwikkeling IoT",
      "skill": 1,
      "cost_type": "PER_HOUR",
      "hours_per_week": 32,
      "period_source": "ASSIGNMENT"
    }
  },
  {
    "model": "projects.service",
    "pk": 26,
    "fields": {
      "assignment": 15,
      "description": "AI consultancy digital twin",
      "skill": 5,
      "cost_type": "PER_HOUR",
      "hours_per_week": 40,
      "period_source": "ASSIGNMENT"
    }
  },
  {
    "model": "projects.service",
    "pk": 27,
    "fields": {
      "assignment": 16,
      "description": "Onderzoek sociale media",
      "skill": 7,
      "cost_type": "PER_HOUR",
      "hours_per_week": 32,
      "period_source": "ASSIGNMENT"
    }
  },
  {
    "model": "projects.service",
    "pk": 28,
    "fields": {
      "assignment": 16,
      "description": "Backend ontwikkeling analytics",
      "skill": 1,
      "cost_type": "PER_HOUR",
      "hours_per_week": 24,
      "period_source": "ASSIGNMENT"
    }
  },
  {
    "model": "projects.service",
    "pk": 29,
    "fields": {
      "assignment": 17,
      "description": "Onderzoek landbouw AI",
      "skill": 7,
      "cost_type": "FIXED_PRICE",
      "fixed_cost": 25000.00,
      "period_source": "ASSIGNMENT"
    }
  },
  {
    "model": "projects.service",
    "pk": 30,
    "fields": {
      "assignment": 18,
      "description": "Projectleiding supply chain",
      "skill": 9,
      "cost_type": "PER_HOUR",
      "hours_per_week": 32,
      "period_source": "ASSIGNMENT"
    }
  },
  {
    "model": "projects.service",
    "pk": 31,
    "fields": {
      "assignment": 18,
      "description": "Backend ontwikkeling blockchain",
      "skill": 1,
      "cost_type": "PER_HOUR",
      "hours_per_week": 24,
      "period_source": "ASSIGNMENT"
    }
  },
  {
    "model": "projects.service",
    "pk": 32,
    "fields": {
      "assignment": 19,
      "description": "Data engineering fraudedetectie",
      "skill": 8,
      "cost_type": "PER_HOUR",
      "hours_per_week": 40,
      "period_source": "ASSIGNMENT"
    }
  },
  {
    "model": "projects.service",
    "pk": 33,
    "fields": {
      "assignment": 20,
      "description": "Projectleiding en data engineering",
      "skill": 9,
      "cost_type": "PER_HOUR",
      "hours_per_week": 32,
      "period_source": "ASSIGNMENT"
    }
  },
  {
    "model": "projects.service",
    "pk": 34,
    "fields": {
      "assignment": 20,
      "description": "Frontend ontwikkeling portal",
      "skill": 2,
      "cost_type": "PER_HOUR",
      "hours_per_week": 24,
      "period_source": "ASSIGNMENT"
    }
  },
  {
    "model": "projects.service",
    "pk": 35,
    "fields": {
      "assignment": 20,
      "description": "Product owner klimaatdata",
      "skill": 3,
      "cost_type": "PER_HOUR",
      "hours_per_week": 16,
      "period_source": "ASSIGNMENT"
    }
  },
  {
    "model": "projects.service",
    "pk": 36,
    "fields": {
      "assignment": 21,
      "description": "Programmamanager sociale zekerheid",
      "skill": 13,
      "cost_type": "PER_HOUR",
      "hours_per_week": 32,
      "period_source": "ASSIGNMENT"
    }
  },
  {
    "model": "projects.service",
    "pk": 37,
    "fields": {
      "assignment": 21,
      "description": "Organisatieadviseur modernisering",
      "skill": 12,
      "cost_type": "PER_HOUR",
      "hours_per_week": 24,
      "period_source": "ASSIGNMENT"
    }
  },
  {
    "model": "projects.service",
    "pk": 38,
    "fields": {
      "assignment": 22,
      "description": "Beleidsadviseur AI strategie",
      "skill": 14,
      "cost_type": "PER_HOUR",
      "hours_per_week": 40,
      "period_source": "ASSIGNMENT"
    }
  },
  {
    "model": "projects.service",
    "pk": 39,
    "fields": {
      "assignment": 23,
      "description": "Procesbegeleider migratie",
      "skill": 11,
      "cost_type": "PER_HOUR",
      "hours_per_week": 32,
      "period_source": "ASSIGNMENT"
    }
  },
  {
    "model": "projects.service",
    "pk": 40,
    "fields": {
      "assignment": 23,
      "description": "Data engineering migratie",
      "skill": 8,
      "cost_type": "PER_HOUR",
      "hours_per_week": 32,
      "period_source": "ASSIGNMENT"
    }
  },
  {
    "model": "projects.service",
    "pk": 41,
    "fields": {
      "assignment": 24,
      "description": "Solution Architect diplomatie",
      "skill": 19,
      "cost_type": "PER_HOUR",
      "hours_per_week": 32,
      "period_source": "ASSIGNMENT"
    }
  },
  {
    "model": "projects.service",
    "pk": 42,
    "fields": {
      "assignment": 24,
      "description": "I-Adviseur digitale diplomatie",
      "skill": 17,
      "cost_type": "PER_HOUR",
      "hours_per_week": 24,
      "period_source": "ASSIGNMENT"
    }
  },
  {
    "model": "projects.service",
    "pk": 43,
    "fields": {
      "assignment": 25,
      "description": "Kwartiermaker woningbouw",
      "skill": 15,
      "cost_type": "PER_HOUR",
      "hours_per_week": 40,
      "period_source": "ASSIGNMENT"
    }
  },
  {
    "model": "projects.service",
    "pk": 44,
    "fields": {
      "assignment": 26,
      "description": "Verandermanager onderwijs",
      "skill": 16,
      "cost_type": "PER_HOUR",
      "hours_per_week": 32,
      "period_source": "ASSIGNMENT"
    }
  },
  {
    "model": "projects.service",
    "pk": 45,
    "fields": {
      "assignment": 26,
      "description": "Data engineering onderwijsdata",
      "skill": 8,
      "cost_type": "PER_HOUR",
      "hours_per_week": 24,
      "period_source": "ASSIGNMENT"
    }
  },
  {
    "model": "projects.service",
    "pk": 46,
    "fields": {
      "assignment": 27,
      "description": "(Interim) Manager communicatie",
      "skill": 10,
      "cost_type": "PER_HOUR",
      "hours_per_week": 32,
      "period_source": "ASSIGNMENT"
    }
  },
  {
    "model": "projects.service",
    "pk": 47,
    "fields": {
      "assignment": 27,
      "description": "CIO kabinet modernisering",
      "skill": 18,
      "cost_type": "PER_HOUR",
      "hours_per_week": 24,
      "period_source": "ASSIGNMENT"
    }
  },
  {
    "model": "projects.placement",
    "pk": 1,
    "fields": {
      "colleague": 1,
      "service": 1,
      "period_source": "SERVICE",
      "specific_start_date": null,
      "specific_end_date": null,
      "hours_per_week": 32
    }
  },
  {
    "model": "projects.placement",
    "pk": 2,
    "fields": {
      "colleague": 2,
      "service": 2,
      "period_source": "PLACEMENT",
      "specific_start_date": "2024-07-01",
      "specific_end_date": "2025-08-31",
      "hours_per_week": 24
    }
  },
  {
    "model": "projects.placement",
    "pk": 3,
    "fields": {
      "colleague": 3,
      "service": 3,
      "period_source": "SERVICE",
      "specific_start_date": null,
      "specific_end_date": null,
      "hours_per_week": 16
    }
  },
  {
    "model": "projects.placement",
    "pk": 7,
    "fields": {
      "colleague": 11,
      "service": 7,
      "period_source": "SERVICE",
      "specific_start_date": null,
      "specific_end_date": null,
      "hours_per_week": 32
    }
  },
  {
    "model": "projects.placement",
    "pk": 8,
    "fields": {
      "colleague": 2,
      "service": 8,
      "period_source": "PLACEMENT",
      "specific_start_date": "2023-10-01",
      "specific_end_date": "2024-02-28",
      "hours_per_week": 40
    }
  },
  {
    "model": "projects.placement",
    "pk": 10,
    "fields": {
      "colleague": 15,
      "service": 10,
      "period_source": "SERVICE",
      "specific_start_date": null,
      "specific_end_date": null,
      "hours_per_week": 32
    }
  },
  {
    "model": "projects.placement",
    "pk": 11,
    "fields": {
      "colleague": 12,
      "service": 11,
      "period_source": "PLACEMENT",
      "specific_start_date": "2024-07-15",
      "specific_end_date": "2025-11-30",
      "hours_per_week": 24
    }
  },
  {
    "model": "projects.placement",
    "pk": 14,
    "fields": {
      "colleague": 19,
      "service": 14,
      "period_source": "SERVICE",
      "specific_start_date": null,
      "specific_end_date": null,
      "hours_per_week": 40
    }
  },
  {
    "model": "projects.placement",
    "pk": 15,
    "fields": {
      "colleague": 1,
      "service": 15,
      "period_source": "PLACEMENT",
      "specific_start_date": "2023-09-01",
      "specific_end_date": "2024-01-31",
      "hours_per_week": 32
    }
  },
  {
    "model": "projects.placement",
    "pk": 16,
    "fields": {
      "colleague": 10,
      "service": 16,
      "period_source": "SERVICE",
      "specific_start_date": null,
      "specific_end_date": null,
      "hours_per_week": 40
    }
  },
  {
    "model": "projects.placement",
    "pk": 17,
    "fields": {
      "colleague": 6,
      "service": 17,
      "period_source": "SERVICE",
      "specific_start_date": null,
      "specific_end_date": null,
      "hours_per_week": 32
    }
  },
  {
    "model": "projects.placement",
    "pk": 18,
    "fields": {
      "colleague": 15,
      "service": 18,
      "period_source": "PLACEMENT",
      "specific_start_date": "2024-05-15",
      "specific_end_date": "2025-09-30",
      "hours_per_week": 24
    }
  },
  {
    "model": "projects.placement",
    "pk": 22,
    "fields": {
      "colleague": 14,
      "service": 22,
      "period_source": "SERVICE",
      "specific_start_date": null,
      "specific_end_date": null,
      "hours_per_week": 32
    }
  },
  {
    "model": "projects.placement",
    "pk": 23,
    "fields": {
      "colleague": 16,
      "service": 23,
      "period_source": "SERVICE",
      "specific_start_date": null,
      "specific_end_date": null,
      "hours_per_week": 40
    }
  },
  {
    "model": "projects.placement",
    "pk": 24,
    "fields": {
      "colleague": 8,
      "service": 24,
      "period_source": "PLACEMENT",
      "specific_start_date": "2024-05-20",
      "specific_end_date": "2025-07-31",
      "hours_per_week": 32
    }
  },
  {
    "model": "projects.placement",
    "pk": 25,
    "fields": {
      "colleague": 10,
      "service": 25,
      "period_source": "SERVICE",
      "specific_start_date": null,
      "specific_end_date": null,
      "hours_per_week": 32
    }
  },
  {
    "model": "projects.placement",
    "pk": 29,
    "fields": {
      "colleague": 9,
      "service": 29,
      "period_source": "SERVICE",
      "specific_start_date": null,
      "specific_end_date": null,
      "hours_per_week": 40
    }
  },
  {
    "model": "projects.placement",
    "pk": 30,
    "fields": {
      "colleague": 7,
      "service": 30,
      "period_source": "SERVICE",
      "specific_start_date": null,
      "specific_end_date": null,
      "hours_per_week": 32
    }
  },
  {
    "model": "projects.placement",
    "pk": 31,
    "fields": {
      "colleague": 1,
      "service": 31,
      "period_source": "PLACEMENT",
      "specific_start_date": "2024-02-01",
      "specific_end_date": "2025-11-30",
      "hours_per_week": 24
    }
  },
  {
    "model": "projects.placement",
    "pk": 33,
    "fields": {
      "colleague": 17,
      "service": 33,
      "period_source": "SERVICE",
      "specific_start_date": null,
      "specific_end_date": null,
      "hours_per_week": 32
    }
  },
  {
    "model": "projects.placement",
    "pk": 34,
    "fields": {
      "colleague": 6,
      "service": 34,
      "period_source": "PLACEMENT",
      "specific_start_date": "2024-01-01",
      "specific_end_date": "2025-08-31",
      "hours_per_week": 24
    }
  },
  {
    "model": "projects.placement",
    "pk": 35,
    "fields": {
      "colleague": 18,
      "service": 35,
      "period_source": "SERVICE",
      "specific_start_date": null,
      "specific_end_date": null,
      "hours_per_week": 16
    }
  },
  {
    "model": "projects.placement",
    "pk": 36,
    "fields": {
      "colleague": 21,
      "service": 36,
      "period_source": "SERVICE",
      "specific_start_date": null,
      "specific_end_date": null,
      "hours_per_week": 32
    }
  },
  {
    "model": "projects.placement",
    "pk": 37,
    "fields": {
      "colleague": 22,
      "service": 37,
      "period_source": "SERVICE",
      "specific_start_date": null,
      "specific_end_date": null,
      "hours_per_week": 24
    }
  },
  {
    "model": "projects.placement",
    "pk": 38,
    "fields": {
      "colleague": 23,
      "service": 38,
      "period_source": "SERVICE",
      "specific_start_date": null,
      "specific_end_date": null,
      "hours_per_week": 40
    }
  },
  {
    "model": "projects.placement",
    "pk": 39,
    "fields": {
      "colleague": 22,
      "service": 39,
      "period_source": "PLACEMENT",
      "specific_start_date": "2025-08-15",
      "specific_end_date": "2026-06-30",
      "hours_per_week": 32
    }
  },
  {
    "model": "projects.placement",
    "pk": 40,
    "fields": {
      "colleague": 7,
      "service": 40,
      "period_source": "SERVICE",
      "specific_start_date": null,
      "specific_end_date": null,
      "hours_per_week": 32
    }
  },
  {
    "model": "projects.placement",
    "pk": 41,
    "fields": {
      "colleague": 24,
      "service": 41,
      "period_source": "SERVICE",
      "specific_start_date": null,
      "specific_end_date": null,
      "hours_per_week": 32
    }
  },
  {
    "model": "projects.placement",
    "pk": 42,
    "fields": {
      "colleague": 24,
      "service": 42,
      "period_source": "PLACEMENT",
      "specific_start_date": "2024-11-01",
      "specific_end_date": "2025-10-31",
      "hours_per_week": 24
    }
  },
  {
    "model": "projects.placement",
    "pk": 43,
    "fields": {
      "colleague": 25,
      "service": 43,
      "period_source": "SERVICE",
      "specific_start_date": null,
      "specific_end_date": null,
      "hours_per_week": 40
    }
  },
  {
    "model": "projects.placement",
    "pk": 44,
    "fields": {
      "colleague": 27,
      "service": 44,
      "period_source": "SERVICE",
      "specific_start_date": null,
      "specific_end_date": null,
      "hours_per_week": 32
    }
  },
  {
    "model": "projects.placement",
    "pk": 45,
    "fields": {
      "colleague": 17,
      "service": 45,
      "period_source": "PLACEMENT",
      "specific_start_date": "2024-09-01",
      "specific_end_date": "2025-12-31",
      "hours_per_week": 24
    }
  },
  {
    "model": "projects.placement",
    "pk": 46,
    "fields": {
      "colleague": 21,
      "service": 46,
      "period_source": "PLACEMENT",
      "specific_start_date": "2025-09-15",
      "specific_end_date": "2026-08-31",
      "hours_per_week": 32
    }
  },
  {
    "model": "projects.placement",
    "pk": 47,
    "fields": {
      "colleague": 25,
      "service": 47,
      "period_source": "SERVICE",
      "specific_start_date": null,
      "specific_end_date": null,
      "hours_per_week": 24
    }
  }
]