[
  {
    "model": "core.skill",
    "pk": 1,
    "fields": {
      "name": "Backend development"
    }
  },
  {
    "model": "core.skill",
    "pk": 2,
    "fields": {
      "name": "Frontend development"
    }
  },
  {
    "model": "core.skill",
    "pk": 3,
    "fields": {
      "name": "Product owner"
    }
  },
  {
    "model": "core.skill",
    "pk": 4,
    "fields": {
      "name": "UX designer"
    }
  },
  {
    "model": "core.skill",
    "pk": 5,
    "fields": {
      "name": "AI Consultant"
    }
  },
  {
    "model": "core.skill",
    "pk": 6,
    "fields": {
      "name": "AI Jurist"
    }
  },
  {
    "model": "core.skill",
    "pk": 7,
    "fields": {
      "name": "Researcher"
    }
  },
  {
    "model": "core.skill",
    "pk": 8,
    "fields": {
      "name": "Data engineer"
    }
  },
  {
    "model": "core.skill",
    "pk": 9,
    "fields": {
      "name": "Project leader"
    }
  },
  {
    "model": "core.skill",
    "pk": 10,
    "fields": {
      "name": "(Interim) Manager"
    }
  },
  {
    "model": "core.skill",
    "pk": 11,
    "fields": {
      "name": "Procesbegeleider"
    }
  },
  {
    "model": "core.skill",
    "pk": 12,
    "fields": {
      "name": "Organisatieadviseur"
    }
  },
  {
    "model": "core.skill",
    "pk": 13,
    "fields": {
      "name": "Programmamanager"
    }
  },
  {
    "model": "core.skill",
    "pk": 14,
    "fields": {
      "name": "Beleidsadviseur"
    }
  },
  {
    "model": "core.skill",
    "pk": 15,
    "fields": {
      "name": "Kwartiermaker"
    }
  },
  {
    "model": "core.skill",
    "pk": 16,
    "fields": {
      "name": "Verandermanager"
    }
  },
  {
    "model": "core.skill",
    "pk": 17,
    "fields": {
      "name": "I-Adviseur"
    }
  },
  {
    "model": "core.skill",
    "pk": 18,
    "fields": {
      "name": "CIO"
    }
  },
  {
    "model": "core.skill",
    "pk": 19,
    "fields": {
      "name": "Solution Architect"
    }
  },
  {
    "model": "core.skill",
    "pk": 20,
    "fields": {
      "name": "Cybersecurity Specialist"
    }
  },
  {
    "model": "core.skill",
    "pk": 21,
    "fields": {
      "name": "Data Architect"
    }
  },
  {
    "model": "core.skill",
    "pk": 22,
    "fields": {
      "name": "Privacy Officer"
    }
  },
  {
    "model": "core.skill",
    "pk": 23,
    "fields": {
      "name": "Scrum Master"
    }
  },
  {
    "model": "core.skill",
    "pk": 24,
    "fields": {
      "name": "Business Analist"
    }
  },
  {
    "model": "core.skill",
    "pk": 25,
    "fields": {
      "name": "DevOps Engineer"
    }
  },
  {
    "model": "core.skill",
    "pk": 27,
    "fields": {
      "name": "Test Manager"
    }
  },
  {
    "model": "core.skill",
    "pk": 28,
    "fields": {
      "name": "Information Manager"
    }
  },
  {
    "model": "core.skill",
    "pk": 29,
    "fields": {
      "name": "Process Analyst"
    }
  },
  {
    "model": "core.organizationtype",
    "pk": 1,
    "fields": {
      "name": "ministerie",
      "label": "Ministerie"
    }
  },
  {
    "model": "core.organizationtype",
    "pk": 2,
    "fields": {
      "name": "organisatieonderdeel",
      "label": "Organisatieonderdeel"
    }
  },
  {
    "model": "core.organizationtype",
    "pk": 3,
    "fields": {
      "name": "agentschap",
      "label": "Agentschap"
    }
  },
  {
    "model": "core.organizationunit",
    "pk": 1,
    "fields": {
      "name": "Algemene Zaken",
      "label": "Ministerie van Algemene Zaken",
      "abbreviations": ["AZ"],
      "tooi_identifier": "https://identifier.overheid.nl/tooi/id/ministerie/mnre1010",
      "oin_number": "null",
      "system_id": "123",
      "source_url": "https://organisaties.overheid.nl/123/Algemene_Zaken",
      "parent": null,
      "related_ministry_tooi": ""
    }
  },
  {
    "model": "core.organizationunit",
    "pk": 2,
    "fields": {
      "name": "Binnenlandse Zaken en Koninkrijksrelaties",
      "label": "Ministerie van Binnenlandse Zaken en Koninkrijksrelaties",
      "abbreviations": ["BZK"],
      "tooi_identifier": "https://identifier.overheid.nl/tooi/id/ministerie/mnre1034",
      "oin_number": "00000001003214345000",
      "system_id": "9632",
      "source_url": "https://organisaties.overheid.nl/9632/Binnenlandse_Zaken_en_Koninkrijksrelaties",
      "parent": null,
      "related_ministry_tooi": ""
    }
  },
  {
    "model": "core.organizationunit",
    "pk": 3,
    "fields": {
      "name": "Buitenlandse Zaken",
      "label": "Ministerie van Buitenlandse Zaken",
      "abbreviations": ["BuZa"],
      "tooi_identifier": "https://identifier.overheid.nl/tooi/id/ministerie/mnre1013",
      "oin_number": "00000001003227406000",
      "system_id": "2515",
      "source_url": "https://organisaties.overheid.nl/2515/Buitenlandse_Zaken",
      "parent": null,
      "related_ministry_tooi": ""
    }
  },
  {
    "model": "core.organizationunit",
    "pk": 4,
    "fields": {
      "name": "Defensie",
      "label": "Ministerie van Defensie",
      "abbreviations": ["Def"],
      "tooi_identifier": "https://identifier.overheid.nl/tooi/id/ministerie/mnre1018",
      "oin_number": "I0000003273709850000",
      "system_id": "4958",
      "source_url": "https://organisaties.overheid.nl/4958/Defensie",
      "parent": null,
      "related_ministry_tooi": ""
    }
  },
  {
    "model": "core.organizationunit",
    "pk": 5,
    "fields": {
      "name": "Economische Zaken",
      "label": "Ministerie van Economische Zaken",
      "abbreviations": ["EZ"],
      "tooi_identifier": "https://identifier.overheid.nl/tooi/id/ministerie/mnre1045",
      "oin_number": "00000001003214369000",
      "system_id": "10621",
      "source_url": "https://organisaties.overheid.nl/10621/Economische_Zaken_en_Klimaat",
      "parent": null,
      "related_ministry_tooi": ""
    }
  },
  {
    "model": "core.organizationunit",
    "pk": 6,
    "fields": {
      "name": "Financiën",
      "label": "Ministerie van Financiën",
      "abbreviations": ["FIN"],
      "tooi_identifier": "https://identifier.overheid.nl/tooi/id/ministerie/mnre1090",
      "oin_number": "00000001003214394000",
      "system_id": "68820",
      "source_url": "https://organisaties.overheid.nl/68820/Financien",
      "parent": null,
      "related_ministry_tooi": ""
    }
  },
  {
    "model": "core.organizationunit",
    "pk": 7,
    "fields": {
      "name": "Infrastructuur en Waterstaat",
      "label": "Ministerie van Infrastructuur en Waterstaat",
      "abbreviations": ["IenW"],
      "tooi_identifier": "https://identifier.overheid.nl/tooi/id/ministerie/mnre1130",
      "oin_number": "00000001003214321000",
      "system_id": "112773",
      "source_url": "https://organisaties.overheid.nl/112773/Infrastructuur_en_Waterstaat",
      "parent": null,
      "related_ministry_tooi": ""
    }
  },
  {
    "model": "core.organizationunit",
    "pk": 8,
    "fields": {
      "name": "Justitie en Veiligheid",
      "label": "Ministerie van Justitie en Veiligheid",
      "abbreviations": ["JenV"],
      "tooi_identifier": "https://identifier.overheid.nl/tooi/id/ministerie/mnre1058",
      "oin_number": "00000003273808340000",
      "system_id": "11906",
      "source_url": "https://organisaties.overheid.nl/11906/Justitie_en_Veiligheid",
      "parent": null,
      "related_ministry_tooi": ""
    }
  },
  {
    "model": "core.organizationunit",
    "pk": 9,
    "fields": {
      "name": "Onderwijs, Cultuur en Wetenschap",
      "label": "Ministerie van Onderwijs, Cultuur en Wetenschap",
      "abbreviations": ["OCW"],
      "tooi_identifier": "https://identifier.overheid.nl/tooi/id/ministerie/mnre1109",
      "oin_number": null,
      "system_id": "71852",
      "source_url": "https://organisaties.overheid.nl/71852/Onderwijs_Cultuur_en_Wetenschap",
      "parent": null,
      "related_ministry_tooi": ""
    }
  },
  {
    "model": "core.organizationunit",
    "pk": 10,
    "fields": {
      "name": "Sociale Zaken en Werkgelegenheid",
      "label": "Ministerie van Sociale Zaken en Werkgelegenheid",
      "abbreviations": ["SZW"],
      "tooi_identifier": "https://identifier.overheid.nl/tooi/id/ministerie/mnre1073",
      "oin_number": "00000001003227522000",
      "system_id": "19087",
      "source_url": "https://organisaties.overheid.nl/19087/Sociale_Zaken_en_Werkgelegenheid",
      "parent": null,
      "related_ministry_tooi": ""
    }
  },
  {
    "model": "core.organizationunit",
    "pk": 11,
    "fields": {
      "name": "Volksgezondheid, Welzijn en Sport",
      "label": "Ministerie van Volksgezondheid, Welzijn en Sport",
      "abbreviations": ["VWS"],
      "tooi_identifier": "https://identifier.overheid.nl/tooi/id/ministerie/mnre1025",
      "oin_number": null,
      "system_id": "8591",
      "source_url": "https://organisaties.overheid.nl/8591/Volksgezondheid_Welzijn_en_Sport",
      "parent": null,
      "related_ministry_tooi": ""
    }
  },
  {
    "model": "core.organizationunit",
    "pk": 12,
    "fields": {
      "name": "Directoraat-generaal Belastingdienst",
      "label": "Directoraat-generaal Belastingdienst",
      "abbreviations": ["DGBD"],
      "tooi_identifier": "https://identifier.overheid.nl/tooi/id/oorg/oorg12368",
      "oin_number": null,
      "system_id": "68888",
      "source_url": "https://organisaties.overheid.nl/68888/Directoraat-generaal_Belastingdienst",
      "parent": 6,
      "related_ministry_tooi": "https://identifier.overheid.nl/tooi/id/ministerie/mnre1090"
    }
  },
  {
    "model": "core.organizationunit",
    "pk": 13,
    "fields": {
      "name": "Rijkswaterstaat",
      "label": "Rijkswaterstaat",
      "abbreviations": ["RWS"],
      "tooi_identifier": "https://identifier.overheid.nl/tooi/id/oorg/oorg10004",
      "oin_number": "00000001821699180000",
      "system_id": "112990",
      "source_url": "https://organisaties.overheid.nl/112990/Rijkswaterstaat",
      "parent": null,
      "related_ministry_tooi": "https://identifier.overheid.nl/tooi/id/ministerie/mnre1130"
    }
  },
  {
    "model": "core.organizationunit",
    "pk": 14,
    "fields": {
      "name": "Rijksinstituut voor Volksgezondheid en Milieu",
      "label": "Rijksinstituut voor Volksgezondheid en Milieu",
      "abbreviations": ["RIVM"],
      "tooi_identifier": "https://identifier.overheid.nl/tooi/id/oorg/oorg10123",
      "oin_number": null,
      "system_id": "66101",
      "source_url": "https://organisaties.overheid.nl/66101/Rijksinstituut_voor_Volksgezondheid_en_Milieu",
      "parent": null,
      "related_ministry_tooi": "https://identifier.overheid.nl/tooi/id/ministerie/mnre1025"
    }
  },
  {
    "model": "core.organizationunit",
    "pk": 15,
    "fields": {
      "name": "Dienst Justitiële Inrichtingen",
      "label": "Dienst Justitiële Inrichtingen",
      "abbreviations": ["DJI"],
      "tooi_identifier": "https://identifier.overheid.nl/tooi/id/oorg/oorg10114",
      "oin_number": null,
      "system_id": "13080",
      "source_url": "https://organisaties.overheid.nl/13080/Dienst_Justitiele_Inrichtingen",
      "parent": null,
      "related_ministry_tooi": "https://identifier.overheid.nl/tooi/id/ministerie/mnre1058"
    }
  },
  {
    "model": "core.organizationunit_organization_types",
    "pk": 1,
    "fields": {
      "organizationunit_id": 1,
      "organizationtype_id": 1
    }
  },
  {
    "model": "core.organizationunit_organization_types",
    "pk": 2,
    "fields": {
      "organizationunit_id": 2,
      "organizationtype_id": 1
    }
  },
  {
    "model": "core.organizationunit_organization_types",
    "pk": 3,
    "fields": {
      "organizationunit_id": 3,
      "organizationtype_id": 1
    }
  },
  {
    "model": "core.organizationunit_organization_types",
    "pk": 4,
    "fields": {
      "organizationunit_id": 4,
      "organizationtype_id": 1
    }
  },
  {
    "model": "core.organizationunit_organization_types",
    "pk": 5,
    "fields": {
      "organizationunit_id": 5,
      "organizationtype_id": 1
    }
  },
  {
    "model": "core.organizationunit_organization_types",
    "pk": 6,
    "fields": {
      "organizationunit_id": 6,
      "organizationtype_id": 1
    }
  },
  {
    "model": "core.organizationunit_organization_types",
    "pk": 7,
    "fields": {
      "organizationunit_id": 7,
      "organizationtype_id": 1
    }
  },
  {
    "model": "core.organizationunit_organization_types",
    "pk": 8,
    "fields": {
      "organizationunit_id": 8,
      "organizationtype_id": 1
    }
  },
  {
    "model": "core.organizationunit_organization_types",
    "pk": 9,
    "fields": {
      "organizationunit_id": 9,
      "organizationtype_id": 1
    }
  },
  {
    "model": "core.organizationunit_organization_types",
    "pk": 10,
    "fields": {
      "organizationunit_id": 10,
      "organizationtype_id": 1
    }
  },
  {
    "model": "core.organizationunit_organization_types",
    "pk": 11,
    "fields": {
      "organizationunit_id": 11,
      "organizationtype_id": 1
    }
  },
  {
    "model": "core.organizationunit_organization_types",
    "pk": 12,
    "fields": {
      "organizationunit_id": 12,
      "organizationtype_id": 2
    }
  },
  {
    "model": "core.organizationunit_organization_types",
    "pk": 13,
    "fields": {
      "organizationunit_id": 13,
      "organizationtype_id": 3
    }
  },
  {
    "model": "core.organizationunit_organization_types",
    "pk": 14,
    "fields": {
      "organizationunit_id": 14,
      "organizationtype_id": 3
    }
  },
  {
    "model": "core.organizationunit_organization_types",
    "pk": 15,
    "fields": {
      "organizationunit_id": 15,
      "organizationtype_id": 3
    }
  },
  {
    "model": "core.colleague",
    "pk": 1,
    "fields": {
      "name": "Kees van den Berg",
      "email": "kees.van.den.berg@rijksoverheid.nl",
      "skills": [5, 8, 9],
      "labels": [],
      "source": "otys_iir",
      "source_id": ""
    }
  },
  {
    "model": "core.colleague",
    "pk": 2,
    "fields": {
      "name": "Stijn Ben Ali",
      "email": "stijn.ben.ali@rijksoverheid.nl",
      "skills": [1, 2],
      "labels": [],
      "source": "otys_iir",
      "source_id": ""
    }
  },
  {
    "model": "core.colleague",
    "pk": 3,
    "fields": {
      "name": "Anna Demir",
      "email": "anna.demir@rijksoverheid.nl",
      "skills": [1, 7, 18],
      "labels": [],
      "source": "otys_iir",
      "source_id": ""
    }
  },
  {
    "model": "core.colleague",
    "pk": 4,
    "fields": {
      "name": "Sara de Haan",
      "email": "sara.de.haan@rijksoverheid.nl",
      "skills": [9, 19],
      "labels": [],
      "source": "otys_iir",
      "source_id": ""
    }
  },
  {
    "model": "core.colleague",
    "pk": 5,
    "fields": {
      "name": "Pieter de Wit",
      "email": "pieter.de.wit@rijksoverheid.nl",
      "skills": [9, 11, 14],
      "labels": [],
      "source": "otys_iir",
      "source_id": ""
    }
  },
  {
    "model": "core.colleague",
    "pk": 6,
    "fields": {
      "name": "Diana Bos",
      "email": "diana.bos@rijksoverheid.nl",
      "skills": [13],
      "labels": [],
      "source": "otys_iir",
      "source_id": ""
    }
  },
  {
    "model": "core.colleague",
    "pk": 7,
    "fields": {
      "name": "Marieke Achahbar",
      "email": "marieke.achahbar@rijksoverheid.nl",
      "skills": [2, 27],
      "labels": [],
      "source": "otys_iir",
      "source_id": ""
    }
  },
  {
    "model": "core.colleague",
    "pk": 8,
    "fields": {
      "name": "Rick Scholten",
      "email": "rick.scholten@rijksoverheid.nl",
      "skills": [18],
      "labels": [],
      "source": "otys_iir",
      "source_id": ""
    }
  },
  {
    "model": "core.colleague",
    "pk": 9,
    "fields": {
      "name": "Renate Santos",
      "email": "renate.santos@rijksoverheid.nl",
      "skills": [23],
      "labels": [],
      "source": "otys_iir",
      "source_id": ""
    }
  },
  {
    "model": "core.colleague",
    "pk": 10,
    "fields": {
      "name": "Sophie Willems",
      "email": "sophie.willems@rijksoverheid.nl",
      "skills": [29],
      "labels": [],
      "source": "otys_iir",
      "source_id": ""
    }
  },
  {
    "model": "core.colleague",
    "pk": 11,
    "fields": {
      "name": "Rob Scholten",
      "email": "rob.scholten@rijksoverheid.nl",
      "skills": [15, 21],
      "labels": [],
      "source": "otys_iir",
      "source_id": ""
    }
  },
  {
    "model": "core.colleague",
    "pk": 12,
    "fields": {
      "name": "Dirk Kuiper",
      "email": "dirk.kuiper@rijksoverheid.nl",
      "skills": [7, 22],
      "labels": [],
      "source": "otys_iir",
      "source_id": ""
    }
  },
  {
    "model": "core.colleague",
    "pk": 13,
    "fields": {
      "name": "Mark Achahbar",
      "email": "mark.achahbar@rijksoverheid.nl",
      "skills": [6, 18, 24],
      "labels": [],
      "source": "otys_iir",
      "source_id": ""
    }
  },
  {
    "model": "core.colleague",
    "pk": 14,
    "fields": {
      "name": "Aisha Scholten",
      "email": "aisha.scholten@rijksoverheid.nl",
      "skills": [21, 23],
      "labels": [],
      "source": "otys_iir",
      "source_id": ""
    }
  },
  {
    "model": "core.colleague",
    "pk": 15,
    "fields": {
      "name": "Wendy Visser",
      "email": "wendy.visser@rijksoverheid.nl",
      "skills": [28],
      "labels": [],
      "source": "otys_iir",
      "source_id": ""
    }
  },
  {
    "model": "core.colleague",
    "pk": 16,
    "fields": {
      "name": "Anke Molenaar",
      "email": "anke.molenaar@rijksoverheid.nl",
      "skills": [3, 7],
      "labels": [],
      "source": "wies",
      "source_id": ""
    }
  },
  {
    "model": "core.colleague",
    "pk": 17,
    "fields": {
      "name": "Anke Jacobs",
      "email": "anke.jacobs@rijksoverheid.nl",
      "skills": [13, 16, 21],
      "labels": [],
      "source": "otys_iir",
      "source_id": ""
    }
  },
  {
    "model": "core.colleague",
    "pk": 18,
    "fields": {
      "name": "Laura van Leeuwen",
      "email": "laura.van.leeuwen@rijksoverheid.nl",
      "skills": [24],
      "labels": [],
      "source": "otys_iir",
      "source_id": ""
    }
  },
  {
    "model": "core.colleague",
    "pk": 19,
    "fields": {
      "name": "Laura Popov",
      "email": "laura.popov@rijksoverheid.nl",
      "skills": [13, 19],
      "labels": [],
      "source": "otys_iir",
      "source_id": ""
    }
  },
  {
    "model": "core.colleague",
    "pk": 20,
    "fields": {
      "name": "Vincent Nguyen",
      "email": "vincent.nguyen@rijksoverheid.nl",
      "skills": [3, 25],
      "labels": [],
      "source": "otys_iir",
      "source_id": ""
    }
  },
  {
    "model": "core.colleague",
    "pk": 21,
    "fields": {
      "name": "Kees Brouwer",
      "email": "kees.brouwer@rijksoverheid.nl",
      "skills": [6, 22, 27],
      "labels": [],
      "source": "otys_iir",
      "source_id": ""
    }
  },
  {
    "model": "core.colleague",
    "pk": 22,
    "fields": {
      "name": "Bas van Vliet",
      "email": "bas.van.vliet@rijksoverheid.nl",
      "skills": [15, 20],
      "labels": [],
      "source": "otys_iir",
      "source_id": ""
    }
  },
  {
    "model": "core.colleague",
    "pk": 23,
    "fields": {
      "name": "Willem Vos",
      "email": "willem.vos@rijksoverheid.nl",
      "skills": [9, 18, 25],
      "labels": [],
      "source": "otys_iir",
      "source_id": ""
    }
  },
  {
    "model": "core.colleague",
    "pk": 24,
    "fields": {
      "name": "Suzanne Vos",
      "email": "suzanne.vos@rijksoverheid.nl",
      "skills": [6, 14],
      "labels": [],
      "source": "otys_iir",
      "source_id": ""
    }
  },
  {
    "model": "core.colleague",
    "pk": 25,
    "fields": {
      "name": "Laura Demir",
      "email": "laura.demir@rijksoverheid.nl",
      "skills": [17],
      "labels": [],
      "source": "wies",
      "source_id": ""
    }
  },
  {
    "model": "core.colleague",
    "pk": 26,
    "fields": {
      "name": "Esther Demir",
      "email": "esther.demir@rijksoverheid.nl",
      "skills": [5, 7, 12],
      "labels": [],
      "source": "otys_iir",
      "source_id": ""
    }
  },
  {
    "model": "core.colleague",
    "pk": 27,
    "fields": {
      "name": "Carlos de Jong",
      "email": "carlos.de.jong@rijksoverheid.nl",
      "skills": [1, 11, 16],
      "labels": [],
      "source": "otys_iir",
      "source_id": ""
    }
  },
  {
    "model": "core.colleague",
    "pk": 28,
    "fields": {
      "name": "Renate Maas",
      "email": "renate.maas@rijksoverheid.nl",
      "skills": [2],
      "labels": [],
      "source": "otys_iir",
      "source_id": ""
    }
  },
  {
    "model": "core.colleague",
    "pk": 29,
    "fields": {
      "name": "Niels de Boer",
      "email": "niels.de.boer@rijksoverheid.nl",
      "skills": [3, 16, 28],
      "labels": [],
      "source": "wies",
      "source_id": ""
    }
  },
  {
    "model": "core.colleague",
    "pk": 30,
    "fields": {
      "name": "Stefan Hendriks",
      "email": "stefan.hendriks@rijksoverheid.nl",
      "skills": [6, 16, 18],
      "labels": [],
      "source": "otys_iir",
      "source_id": ""
    }
  },
  {
    "model": "core.colleague",
    "pk": 31,
    "fields": {
      "name": "Hanna Jacobs",
      "email": "hanna.jacobs@rijksoverheid.nl",
      "skills": [23, 24, 25],
      "labels": [],
      "source": "otys_iir",
      "source_id": ""
    }
  },
  {
    "model": "core.colleague",
    "pk": 32,
    "fields": {
      "name": "Miriam Molenaar",
      "email": "miriam.molenaar@rijksoverheid.nl",
      "skills": [12, 15, 21],
      "labels": [],
      "source": "wies",
      "source_id": ""
    }
  },
  {
    "model": "core.colleague",
    "pk": 33,
    "fields": {
      "name": "Hassan Peters",
      "email": "hassan.peters@rijksoverheid.nl",
      "skills": [8],
      "labels": [],
      "source": "otys_iir",
      "source_id": ""
    }
  },
  {
    "model": "core.colleague",
    "pk": 34,
    "fields": {
      "name": "Thomas Ben Ali",
      "email": "thomas.ben.ali@rijksoverheid.nl",
      "skills": [1, 8, 19],
      "labels": [],
      "source": "otys_iir",
      "source_id": ""
    }
  },
  {
    "model": "core.colleague",
    "pk": 35,
    "fields": {
      "name": "Erik Vermeer",
      "email": "erik.vermeer@rijksoverheid.nl",
      "skills": [2],
      "labels": [],
      "source": "wies",
      "source_id": ""
    }
  },
  {
    "model": "core.colleague",
    "pk": 36,
    "fields": {
      "name": "Mark Nguyen",
      "email": "mark.nguyen@rijksoverheid.nl",
      "skills": [9],
      "labels": [],
      "source": "otys_iir",
      "source_id": ""
    }
  },
  {
    "model": "core.colleague",
    "pk": 37,
    "fields": {
      "name": "Wout Singh",
      "email": "wout.singh@rijksoverheid.nl",
      "skills": [24],
      "labels": [],
      "source": "wies",
      "source_id": ""
    }
  },
  {
    "model": "core.colleague",
    "pk": 38,
    "fields": {
      "name": "Amina van der Veen",
      "email": "amina.van.der.veen@rijksoverheid.nl",
      "skills": [14, 27],
      "labels": [],
      "source": "otys_iir",
      "source_id": ""
    }
  },
  {
    "model": "core.colleague",
    "pk": 39,
    "fields": {
      "name": "Martijn Bosman",
      "email": "martijn.bosman@rijksoverheid.nl",
      "skills": [14, 15],
      "labels": [],
      "source": "wies",
      "source_id": ""
    }
  },
  {
    "model": "core.colleague",
    "pk": 40,
    "fields": {
      "name": "Jeroen de Groot",
      "email": "jeroen.de.groot@rijksoverheid.nl",
      "skills": [13],
      "labels": [],
      "source": "otys_iir",
      "source_id": ""
    }
  },
  {
    "model": "core.colleague",
    "pk": 41,
    "fields": {
      "name": "Henk van der Veen",
      "email": "henk.van.der.veen@rijksoverheid.nl",
      "skills": [7],
      "labels": [],
      "source": "otys_iir",
      "source_id": ""
    }
  },
  {
    "model": "core.colleague",
    "pk": 42,
    "fields": {
      "name": "Vincent Hermans",
      "email": "vincent.hermans@rijksoverheid.nl",
      "skills": [9],
      "labels": [],
      "source": "otys_iir",
      "source_id": ""
    }
  },
  {
    "model": "core.colleague",
    "pk": 43,
    "fields": {
      "name": "Joost van der Heijden",
      "email": "joost.van.der.heijden@rijksoverheid.nl",
      "skills": [2, 4, 21],
      "labels": [],
      "source": "wies",
      "source_id": ""
    }
  },
  {
    "model": "core.colleague",
    "pk": 44,
    "fields": {
      "name": "Daan Mulder",
      "email": "daan.mulder@rijksoverheid.nl",
      "skills": [6],
      "labels": [],
      "source": "otys_iir",
      "source_id": ""
    }
  },
  {
    "model": "core.colleague",
    "pk": 45,
    "fields": {
      "name": "Mariam Jacobs",
      "email": "mariam.jacobs@rijksoverheid.nl",
      "skills": [2, 6],
      "labels": [],
      "source": "otys_iir",
      "source_id": ""
    }
  },
  {
    "model": "core.colleague",
    "pk": 46,
    "fields": {
      "name": "Naomi de Bruijn",
      "email": "naomi.de.bruijn@rijksoverheid.nl",
      "skills": [10, 14],
      "labels": [],
      "source": "otys_iir",
      "source_id": ""
    }
  },
  {
    "model": "core.colleague",
    "pk": 47,
    "fields": {
      "name": "Wei Brouwer",
      "email": "wei.brouwer@rijksoverheid.nl",
      "skills": [10],
      "labels": [],
      "source": "otys_iir",
      "source_id": ""
    }
  },
  {
    "model": "core.colleague",
    "pk": 48,
    "fields": {
      "name": "Marco Popov",
      "email": "marco.popov@rijksoverheid.nl",
      "skills": [2, 18, 24],
      "labels": [],
      "source": "otys_iir",
      "source_id": ""
    }
  },
  {
    "model": "core.colleague",
    "pk": 49,
    "fields": {
      "name": "Kevin Popov",
      "email": "kevin.popov@rijksoverheid.nl",
      "skills": [17, 29],
      "labels": [],
      "source": "otys_iir",
      "source_id": ""
    }
  },
  {
    "model": "core.colleague",
    "pk": 50,
    "fields": {
      "name": "Marco Nguyen",
      "email": "marco.nguyen@rijksoverheid.nl",
      "skills": [29],
      "labels": [],
      "source": "otys_iir",
      "source_id": ""
    }
  },
  {
    "model": "core.assignment",
    "pk": 1,
    "fields": {
      "name": "Opzet Data Platform Onderwijs",
      "start_date": "2024-10-15",
      "end_date": "2026-03-02",
      "extra_info": "",
      "owner": 6,
      "source": "otys_iir",
      "source_id": ""
    }
  },
  {
    "model": "core.assignment",
    "pk": 2,
    "fields": {
      "name": "Proof of Concept Managementinformatie Informatiebeveiliging",
      "start_date": "2024-11-11",
      "end_date": "2026-08-26",
      "extra_info": "",
      "owner": 43,
      "source": "otys_iir",
      "source_id": ""
    }
  },
  {
    "model": "core.assignment",
    "pk": 3,
    "fields": {
      "name": "Optimalisatie Open Data",
      "start_date": "2023-04-13",
      "end_date": "2023-07-16",
      "extra_info": "",
      "owner": 35,
      "source": "otys_iir",
      "source_id": ""
    }
  },
  {
    "model": "core.assignment",
    "pk": 4,
    "fields": {
      "name": "Doorontwikkeling Architectuur Digitale Toegankelijkheid",
      "start_date": "2022-01-14",
      "end_date": "2023-07-08",
      "extra_info": "",
      "owner": 29,
      "source": "otys_iir",
      "source_id": ""
    }
  },
  {
    "model": "core.assignment",
    "pk": 5,
    "fields": {
      "name": "Uitrol Zaaksysteem Digitale Overheid",
      "start_date": "2026-05-24",
      "end_date": "2028-02-14",
      "extra_info": "",
      "owner": 9,
      "source": "otys_iir",
      "source_id": ""
    }
  },
  {
    "model": "core.assignment",
    "pk": 6,
    "fields": {
      "name": "Algoritmeregister Dienstverleningsportaal",
      "start_date": "2024-07-26",
      "end_date": "2026-08-10",
      "extra_info": "",
      "owner": 14,
      "source": "otys_iir",
      "source_id": ""
    }
  },
  {
    "model": "core.assignment",
    "pk": 7,
    "fields": {
      "name": "Handhaving Cloudinfrastructuur",
      "start_date": "2024-11-01",
      "end_date": "2026-05-05",
      "extra_info": "",
      "owner": 3,
      "source": "otys_iir",
      "source_id": ""
    }
  },
  {
    "model": "core.assignment",
    "pk": 8,
    "fields": {
      "name": "Wonen Ketenintegratie",
      "start_date": "2024-11-12",
      "end_date": "2026-10-31",
      "extra_info": "",
      "owner": 36,
      "source": "otys_iir",
      "source_id": ""
    }
  },
  {
    "model": "core.assignment",
    "pk": 9,
    "fields": {
      "name": "Doorontwikkeling Portaal Handhaving",
      "start_date": "2022-12-16",
      "end_date": "2023-12-20",
      "extra_info": "",
      "owner": 9,
      "source": "otys_iir",
      "source_id": ""
    }
  },
  {
    "model": "core.assignment",
    "pk": 10,
    "fields": {
      "name": "Opzet Zaaksysteem Vergunningen",
      "start_date": "2022-08-10",
      "end_date": "2023-05-10",
      "extra_info": "",
      "owner": 50,
      "source": "otys_iir",
      "source_id": ""
    }
  },
  {
    "model": "core.assignment",
    "pk": 11,
    "fields": {
      "name": "Vernieuwing Ketenintegratie Cybersecurity",
      "start_date": "2023-06-03",
      "end_date": "2023-12-31",
      "extra_info": "",
      "owner": 12,
      "source": "otys_iir",
      "source_id": ""
    }
  },
  {
    "model": "core.assignment",
    "pk": 12,
    "fields": {
      "name": "Optimalisatie Managementinformatie Bedrijfsvoering",
      "start_date": "2023-11-27",
      "end_date": "2024-07-10",
      "extra_info": "",
      "owner": 3,
      "source": "wies",
      "source_id": ""
    }
  },
  {
    "model": "core.assignment",
    "pk": 13,
    "fields": {
      "name": "Opzet Wetgevingskalender",
      "start_date": "2025-06-03",
      "end_date": "2026-08-25",
      "extra_info": "",
      "owner": 2,
      "source": "otys_iir",
      "source_id": ""
    }
  },
  {
    "model": "core.assignment",
    "pk": 14,
    "fields": {
      "name": "Circulaire Economie Managementinformatie",
      "start_date": "2024-04-29",
      "end_date": "2026-09-14",
      "extra_info": "",
      "owner": 44,
      "source": "wies",
      "source_id": ""
    }
  },
  {
    "model": "core.assignment",
    "pk": 15,
    "fields": {
      "name": "Vernieuwing Zorgdata",
      "start_date": "2022-04-21",
      "end_date": "2023-10-12",
      "extra_info": "",
      "owner": 17,
      "source": "otys_iir",
      "source_id": ""
    }
  },
  {
    "model": "core.assignment",
    "pk": 16,
    "fields": {
      "name": "Optimalisatie Burgerzaken",
      "start_date": "2026-05-03",
      "end_date": "2027-06-18",
      "extra_info": "",
      "owner": 37,
      "source": "otys_iir",
      "source_id": ""
    }
  },
  {
    "model": "core.assignment",
    "pk": 17,
    "fields": {
      "name": "Infrastructuur Registratie",
      "start_date": "2025-08-03",
      "end_date": "2027-05-06",
      "extra_info": "",
      "owner": 24,
      "source": "otys_iir",
      "source_id": ""
    }
  },
  {
    "model": "core.assignment",
    "pk": 18,
    "fields": {
      "name": "Uitrol Meldingensysteem Personeelsplanning",
      "start_date": "2023-09-19",
      "end_date": "2024-11-21",
      "extra_info": "",
      "owner": 43,
      "source": "otys_iir",
      "source_id": ""
    }
  },
  {
    "model": "core.assignment",
    "pk": 19,
    "fields": {
      "name": "Burgerzaken Dashboard",
      "start_date": "2024-06-27",
      "end_date": "2026-10-20",
      "extra_info": "",
      "owner": 40,
      "source": "otys_iir",
      "source_id": ""
    }
  },
  {
    "model": "core.assignment",
    "pk": 20,
    "fields": {
      "name": "Integratie Klimaatadaptatie",
      "start_date": "2024-12-25",
      "end_date": "2026-07-04",
      "extra_info": "",
      "owner": 29,
      "source": "otys_iir",
      "source_id": ""
    }
  },
  {
    "model": "core.assignment",
    "pk": 21,
    "fields": {
      "name": "Open Data Architectuur",
      "start_date": "2026-05-13",
      "end_date": "2027-01-31",
      "extra_info": "",
      "owner": 33,
      "source": "otys_iir",
      "source_id": ""
    }
  },
  {
    "model": "core.assignment",
    "pk": 22,
    "fields": {
      "name": "Personeelsplanning Werkplek",
      "start_date": "2026-03-28",
      "end_date": "2027-02-21",
      "extra_info": "",
      "owner": 13,
      "source": "otys_iir",
      "source_id": ""
    }
  },
  {
    "model": "core.assignment",
    "pk": 23,
    "fields": {
      "name": "Ontwikkeling Wonen",
      "start_date": "2022-08-28",
      "end_date": "2023-07-17",
      "extra_info": "",
      "owner": 45,
      "source": "otys_iir",
      "source_id": ""
    }
  },
  {
    "model": "core.assignment",
    "pk": 24,
    "fields": {
      "name": "Transitie Werkplek Digitale Toegankelijkheid",
      "start_date": "2026-01-22",
      "end_date": "2026-04-27",
      "extra_info": "",
      "owner": 45,
      "source": "otys_iir",
      "source_id": ""
    }
  },
  {
    "model": "core.assignment",
    "pk": 25,
    "fields": {
      "name": "Modernisering Inkoop en Aanbesteding",
      "start_date": "2026-07-05",
      "end_date": "2027-02-04",
      "extra_info": "",
      "owner": 30,
      "source": "otys_iir",
      "source_id": ""
    }
  },
  {
    "model": "core.assignment",
    "pk": 26,
    "fields": {
      "name": "Financieel Beheer Meldingensysteem",
      "start_date": "2026-04-01",
      "end_date": "2027-09-26",
      "extra_info": "",
      "owner": 28,
      "source": "otys_iir",
      "source_id": ""
    }
  },
  {
    "model": "core.assignment",
    "pk": 27,
    "fields": {
      "name": "Opzet Financieel Beheer",
      "start_date": "2024-12-01",
      "end_date": "2025-10-17",
      "extra_info": "",
      "owner": 41,
      "source": "otys_iir",
      "source_id": ""
    }
  },
  {
    "model": "core.assignment",
    "pk": 28,
    "fields": {
      "name": "Uitrol Werkplek Begrotingscyclus",
      "start_date": "2024-10-19",
      "end_date": "2026-10-30",
      "extra_info": "",
      "owner": 22,
      "source": "otys_iir",
      "source_id": ""
    }
  },
  {
    "model": "core.assignment",
    "pk": 29,
    "fields": {
      "name": "Algoritmeregister Informatiesysteem",
      "start_date": "2024-10-11",
      "end_date": "2026-06-05",
      "extra_info": "",
      "owner": 27,
      "source": "otys_iir",
      "source_id": ""
    }
  },
  {
    "model": "core.assignment",
    "pk": 30,
    "fields": {
      "name": "Herontwerp Bedrijfsvoering",
      "start_date": "2024-09-16",
      "end_date": "2026-02-18",
      "extra_info": "",
      "owner": 49,
      "source": "otys_iir",
      "source_id": ""
    }
  },
  {
    "model": "core.assignment",
    "pk": 31,
    "fields": {
      "name": "Multi org",
      "start_date": "2025-01-01",
      "end_date": "2026-12-31",
      "extra_info": "",
      "owner": 6,
      "source": "wies",
      "source_id": ""
    }
  },
  {
    "model": "core.assignmentorganizationunit",
    "pk": 1,
    "fields": {
      "assignment": 1,
      "organization": 14,
      "role": "PRIMARY"
    }
  },
  {
    "model": "core.assignmentorganizationunit",
    "pk": 2,
    "fields": {
      "assignment": 2,
      "organization": 15,
      "role": "PRIMARY"
    }
  },
  {
    "model": "core.assignmentorganizationunit",
    "pk": 3,
    "fields": {
      "assignment": 3,
      "organization": 15,
      "role": "PRIMARY"
    }
  },
  {
    "model": "core.assignmentorganizationunit",
    "pk": 4,
    "fields": {
      "assignment": 4,
      "organization": 13,
      "role": "PRIMARY"
    }
  },
  {
    "model": "core.assignmentorganizationunit",
    "pk": 5,
    "fields": {
      "assignment": 5,
      "organization": 14,
      "role": "PRIMARY"
    }
  },
  {
    "model": "core.assignmentorganizationunit",
    "pk": 6,
    "fields": {
      "assignment": 6,
      "organization": 12,
      "role": "PRIMARY"
    }
  },
  {
    "model": "core.assignmentorganizationunit",
    "pk": 7,
    "fields": {
      "assignment": 7,
      "organization": 15,
      "role": "PRIMARY"
    }
  },
  {
    "model": "core.assignmentorganizationunit",
    "pk": 8,
    "fields": {
      "assignment": 8,
      "organization": 15,
      "role": "PRIMARY"
    }
  },
  {
    "model": "core.assignmentorganizationunit",
    "pk": 9,
    "fields": {
      "assignment": 9,
      "organization": 12,
      "role": "PRIMARY"
    }
  },
  {
    "model": "core.assignmentorganizationunit",
    "pk": 10,
    "fields": {
      "assignment": 10,
      "organization": 12,
      "role": "PRIMARY"
    }
  },
  {
    "model": "core.assignmentorganizationunit",
    "pk": 11,
    "fields": {
      "assignment": 11,
      "organization": 15,
      "role": "PRIMARY"
    }
  },
  {
    "model": "core.assignmentorganizationunit",
    "pk": 12,
    "fields": {
      "assignment": 12,
      "organization": 15,
      "role": "PRIMARY"
    }
  },
  {
    "model": "core.assignmentorganizationunit",
    "pk": 13,
    "fields": {
      "assignment": 13,
      "organization": 14,
      "role": "PRIMARY"
    }
  },
  {
    "model": "core.assignmentorganizationunit",
    "pk": 14,
    "fields": {
      "assignment": 14,
      "organization": 13,
      "role": "PRIMARY"
    }
  },
  {
    "model": "core.assignmentorganizationunit",
    "pk": 15,
    "fields": {
      "assignment": 15,
      "organization": 14,
      "role": "PRIMARY"
    }
  },
  {
    "model": "core.assignmentorganizationunit",
    "pk": 16,
    "fields": {
      "assignment": 16,
      "organization": 15,
      "role": "PRIMARY"
    }
  },
  {
    "model": "core.assignmentorganizationunit",
    "pk": 17,
    "fields": {
      "assignment": 17,
      "organization": 15,
      "role": "PRIMARY"
    }
  },
  {
    "model": "core.assignmentorganizationunit",
    "pk": 18,
    "fields": {
      "assignment": 18,
      "organization": 12,
      "role": "PRIMARY"
    }
  },
  {
    "model": "core.assignmentorganizationunit",
    "pk": 19,
    "fields": {
      "assignment": 19,
      "organization": 12,
      "role": "PRIMARY"
    }
  },
  {
    "model": "core.assignmentorganizationunit",
    "pk": 20,
    "fields": {
      "assignment": 20,
      "organization": 14,
      "role": "PRIMARY"
    }
  },
  {
    "model": "core.assignmentorganizationunit",
    "pk": 21,
    "fields": {
      "assignment": 21,
      "organization": 12,
      "role": "PRIMARY"
    }
  },
  {
    "model": "core.assignmentorganizationunit",
    "pk": 22,
    "fields": {
      "assignment": 22,
      "organization": 12,
      "role": "PRIMARY"
    }
  },
  {
    "model": "core.assignmentorganizationunit",
    "pk": 23,
    "fields": {
      "assignment": 23,
      "organization": 13,
      "role": "PRIMARY"
    }
  },
  {
    "model": "core.assignmentorganizationunit",
    "pk": 24,
    "fields": {
      "assignment": 24,
      "organization": 12,
      "role": "PRIMARY"
    }
  },
  {
    "model": "core.assignmentorganizationunit",
    "pk": 25,
    "fields": {
      "assignment": 25,
      "organization": 13,
      "role": "PRIMARY"
    }
  },
  {
    "model": "core.assignmentorganizationunit",
    "pk": 26,
    "fields": {
      "assignment": 26,
      "organization": 12,
      "role": "PRIMARY"
    }
  },
  {
    "model": "core.assignmentorganizationunit",
    "pk": 27,
    "fields": {
      "assignment": 27,
      "organization": 13,
      "role": "PRIMARY"
    }
  },
  {
    "model": "core.assignmentorganizationunit",
    "pk": 28,
    "fields": {
      "assignment": 28,
      "organization": 14,
      "role": "PRIMARY"
    }
  },
  {
    "model": "core.assignmentorganizationunit",
    "pk": 29,
    "fields": {
      "assignment": 29,
      "organization": 13,
      "role": "PRIMARY"
    }
  },
  {
    "model": "core.assignmentorganizationunit",
    "pk": 30,
    "fields": {
      "assignment": 30,
      "organization": 12,
      "role": "PRIMARY"
    }
  },
  {
    "model": "core.assignmentorganizationunit",
    "pk": 31,
    "fields": {
      "assignment": 31,
      "organization": 12,
      "role": "PRIMARY"
    }
  },
  {
    "model": "core.assignmentorganizationunit",
    "pk": 32,
    "fields": {
      "assignment": 31,
      "organization": 13,
      "role": "INVOLVED"
    }
  },
  {
    "model": "core.assignmentorganizationunit",
    "pk": 33,
    "fields": {
      "assignment": 31,
      "organization": 14,
      "role": "INVOLVED"
    }
  },
  {
    "model": "core.service",
    "pk": 1,
    "fields": {
      "assignment": 17,
      "description": "Analyse van beleidsopties en impactbeoordeling voor ICT-investeringen",
      "skill": 14,
      "period_source": "ASSIGNMENT",
      "source": "otys_iir",
      "source_id": "",
      "status": "OPEN"
    }
  },
  {
    "model": "core.service",
    "pk": 2,
    "fields": {
      "assignment": 15,
      "description": "Advies over de inrichting van de IT-governance en besluitvormingsstructuur",
      "skill": 12,
      "period_source": "ASSIGNMENT",
      "source": "wies",
      "source_id": "",
      "status": "OPEN"
    }
  },
  {
    "model": "core.service",
    "pk": 3,
    "fields": {
      "assignment": 22,
      "description": "Advies over verantwoorde inzet van AI binnen overheidsprocessen conform de AI-verordening",
      "skill": 5,
      "period_source": "ASSIGNMENT",
      "source": "otys_iir",
      "source_id": "",
      "status": "OPEN"
    }
  },
  {
    "model": "core.service",
    "pk": 4,
    "fields": {
      "assignment": 9,
      "description": "Advies over de inrichting van master data management en datakwaliteit",
      "skill": 21,
      "period_source": "ASSIGNMENT",
      "source": "otys_iir",
      "source_id": "",
      "status": "OPEN"
    }
  },
  {
    "model": "core.service",
    "pk": 5,
    "fields": {
      "assignment": 18,
      "description": "Verkenning van mogelijkheden voor tekstanalyse en classificatie van documenten",
      "skill": 5,
      "period_source": "ASSIGNMENT",
      "source": "otys_iir",
      "source_id": "",
      "status": "OPEN"
    }
  },
  {
    "model": "core.service",
    "pk": 6,
    "fields": {
      "assignment": 16,
      "description": "Analyse van bedrijfsprocessen en vertaling naar functionele specificaties",
      "skill": 24,
      "period_source": "ASSIGNMENT",
      "source": "otys_iir",
      "source_id": "",
      "status": "OPEN"
    }
  },
  {
    "model": "core.service",
    "pk": 7,
    "fields": {
      "assignment": 14,
      "description": "Afstemming tussen business en IT over informatiebehoeften en prioriteiten",
      "skill": 28,
      "period_source": "ASSIGNMENT",
      "source": "otys_iir",
      "source_id": "",
      "status": "OPEN"
    }
  },
  {
    "model": "core.service",
    "pk": 8,
    "fields": {
      "assignment": 28,
      "description": "Inrichten en beheer van CI/CD-pipelines en geautomatiseerde deployments",
      "skill": 25,
      "period_source": "ASSIGNMENT",
      "source": "otys_iir",
      "source_id": "",
      "status": "OPEN"
    }
  },
  {
    "model": "core.service",
    "pk": 9,
    "fields": {
      "assignment": 24,
      "description": "Ondersteuning bij het opstellen van procesmodellen en verbeterplannen",
      "skill": 11,
      "period_source": "ASSIGNMENT",
      "source": "otys_iir",
      "source_id": "",
      "status": "OPEN"
    }
  },
  {
    "model": "core.service",
    "pk": 10,
    "fields": {
      "assignment": 2,
      "description": "Begeleiden van de organisatie bij de transitie naar agile werken",
      "skill": 16,
      "period_source": "ASSIGNMENT",
      "source": "otys_iir",
      "source_id": "",
      "status": "OPEN"
    }
  },
  {
    "model": "core.service",
    "pk": 11,
    "fields": {
      "assignment": 23,
      "description": "Aansturen van het migratietraject van on-premise naar cloudomgeving",
      "skill": 9,
      "period_source": "ASSIGNMENT",
      "source": "otys_iir",
      "source_id": "",
      "status": "OPEN"
    }
  },
  {
    "model": "core.service",
    "pk": 12,
    "fields": {
      "assignment": 11,
      "description": "Bouwen van koppelingen met externe registraties en basisregistraties",
      "skill": 1,
      "period_source": "ASSIGNMENT",
      "source": "wies",
      "source_id": "",
      "status": "OPEN"
    }
  },
  {
    "model": "core.service",
    "pk": 13,
    "fields": {
      "assignment": 5,
      "description": "Begeleiding bij acceptatietesten en validatie van opgeleverde functionaliteit",
      "skill": 24,
      "period_source": "ASSIGNMENT",
      "source": "otys_iir",
      "source_id": "",
      "status": "OPEN"
    }
  },
  {
    "model": "core.service",
    "pk": 14,
    "fields": {
      "assignment": 20,
      "description": "Begeleiden van het scrumteam en bewaken van het agile proces",
      "skill": 23,
      "period_source": "ASSIGNMENT",
      "source": "otys_iir",
      "source_id": "",
      "status": "OPEN"
    }
  },
  {
    "model": "core.service",
    "pk": 15,
    "fields": {
      "assignment": 12,
      "description": "Bewaken van de testkwaliteit en advies over testdekking bij releases",
      "skill": 27,
      "period_source": "ASSIGNMENT",
      "source": "otys_iir",
      "source_id": "",
      "status": "OPEN"
    }
  },
  {
    "model": "core.service",
    "pk": 16,
    "fields": {
      "assignment": 26,
      "description": "Faciliteren van sprint ceremonies en het wegnemen van impediments",
      "skill": 23,
      "period_source": "ASSIGNMENT",
      "source": "otys_iir",
      "source_id": "",
      "status": "OPEN"
    }
  },
  {
    "model": "core.service",
    "pk": 17,
    "fields": {
      "assignment": 8,
      "description": "Begeleiden van de organisatie bij de transitie naar agile werken",
      "skill": 16,
      "period_source": "ASSIGNMENT",
      "source": "otys_iir",
      "source_id": "",
      "status": "OPEN"
    }
  },
  {
    "model": "core.service",
    "pk": 18,
    "fields": {
      "assignment": 3,
      "description": "Analyse van bedrijfsprocessen en vertaling naar functionele specificaties",
      "skill": 24,
      "period_source": "ASSIGNMENT",
      "source": "otys_iir",
      "source_id": "",
      "status": "OPEN"
    }
  },
  {
    "model": "core.service",
    "pk": 19,
    "fields": {
      "assignment": 7,
      "description": "Leiding geven aan een multidisciplinair team voor de implementatie van een nieuw zaaksysteem",
      "skill": 9,
      "period_source": "ASSIGNMENT",
      "source": "otys_iir",
      "source_id": "",
      "status": "OPEN"
    }
  },
  {
    "model": "core.service",
    "pk": 20,
    "fields": {
      "assignment": 21,
      "description": "Onderzoek naar de effectiviteit van digitale dienstverlening en gebruikerstevredenheid",
      "skill": 7,
      "period_source": "ASSIGNMENT",
      "source": "otys_iir",
      "source_id": "",
      "status": "OPEN"
    }
  },
  {
    "model": "core.service",
    "pk": 21,
    "fields": {
      "assignment": 13,
      "description": "Inrichten en beheer van CI/CD-pipelines en geautomatiseerde deployments",
      "skill": 25,
      "period_source": "ASSIGNMENT",
      "source": "otys_iir",
      "source_id": "",
      "status": "OPEN"
    }
  },
  {
    "model": "core.service",
    "pk": 22,
    "fields": {
      "assignment": 30,
      "description": "Ondersteuning bij de adoptie van nieuwe systemen en werkwijzen door eindgebruikers",
      "skill": 16,
      "period_source": "ASSIGNMENT",
      "source": "otys_iir",
      "source_id": "",
      "status": "OPEN"
    }
  },
  {
    "model": "core.service",
    "pk": 23,
    "fields": {
      "assignment": 29,
      "description": "Ondersteuning bij de implementatie van procesverbeteringen en monitoring",
      "skill": 29,
      "period_source": "ASSIGNMENT",
      "source": "otys_iir",
      "source_id": "",
      "status": "OPEN"
    }
  },
  {
    "model": "core.service",
    "pk": 24,
    "fields": {
      "assignment": 1,
      "description": "Ondersteuning bij de uitvoering van het project",
      "skill": null,
      "period_source": "ASSIGNMENT",
      "source": "otys_iir",
      "source_id": "",
      "status": "OPEN"
    }
  },
  {
    "model": "core.service",
    "pk": 25,
    "fields": {
      "assignment": 19,
      "description": "Advies over de juridische aspecten van data-uitwisseling tussen overheidsorganisaties",
      "skill": 6,
      "period_source": "ASSIGNMENT",
      "source": "otys_iir",
      "source_id": "",
      "status": "OPEN"
    }
  },
  {
    "model": "core.service",
    "pk": 26,
    "fields": {
      "assignment": 4,
      "description": "Leiding geven aan een multidisciplinair team voor de implementatie van een nieuw zaaksysteem",
      "skill": 9,
      "period_source": "ASSIGNMENT",
      "source": "wies",
      "source_id": "",
      "status": "OPEN"
    }
  },
  {
    "model": "core.service",
    "pk": 27,
    "fields": {
      "assignment": 10,
      "description": "Coaching van teamleden en stakeholders in agile werkwijzen",
      "skill": 23,
      "period_source": "ASSIGNMENT",
      "source": "otys_iir",
      "source_id": "",
      "status": "OPEN"
    }
  },
  {
    "model": "core.service",
    "pk": 28,
    "fields": {
      "assignment": 6,
      "description": "Opstellen van interactiepatronen en designrichtlijnen voor het platform",
      "skill": 4,
      "period_source": "ASSIGNMENT",
      "source": "otys_iir",
      "source_id": "",
      "status": "OPEN"
    }
  },
  {
    "model": "core.service",
    "pk": 29,
    "fields": {
      "assignment": 27,
      "description": "Inrichten van de samenwerking met ketenpartners en externe leveranciers",
      "skill": 15,
      "period_source": "ASSIGNMENT",
      "source": "otys_iir",
      "source_id": "",
      "status": "OPEN"
    }
  },
  {
    "model": "core.service",
    "pk": 30,
    "fields": {
      "assignment": 25,
      "description": "Ondersteuning bij de implementatie van procesverbeteringen en monitoring",
      "skill": 29,
      "period_source": "ASSIGNMENT",
      "source": "otys_iir",
      "source_id": "",
      "status": "OPEN"
    }
  },
  {
    "model": "core.service",
    "pk": 31,
    "fields": {
      "assignment": 3,
      "description": "Vertalen van beleidsdoelen naar concrete user stories en acceptatiecriteria",
      "skill": 3,
      "period_source": "ASSIGNMENT",
      "source": "otys_iir",
      "source_id": "",
      "status": "OPEN"
    }
  },
  {
    "model": "core.service",
    "pk": 32,
    "fields": {
      "assignment": 2,
      "description": "Opzetten van een teststrategie en coördinatie van testactiviteiten",
      "skill": 27,
      "period_source": "ASSIGNMENT",
      "source": "wies",
      "source_id": "",
      "status": "OPEN"
    }
  },
  {
    "model": "core.service",
    "pk": 33,
    "fields": {
      "assignment": 3,
      "description": "Advisering en begeleiding binnen het programma",
      "skill": null,
      "period_source": "ASSIGNMENT",
      "source": "otys_iir",
      "source_id": "",
      "status": "OPEN"
    }
  },
  {
    "model": "core.service",
    "pk": 34,
    "fields": {
      "assignment": 20,
      "description": "Bewaken van de testkwaliteit en advies over testdekking bij releases",
      "skill": 27,
      "period_source": "ASSIGNMENT",
      "source": "otys_iir",
      "source_id": "",
      "status": "OPEN"
    }
  },
  {
    "model": "core.service",
    "pk": 35,
    "fields": {
      "assignment": 23,
      "description": "Verkenning en voorbereiding van een nieuw programma rond datagedreven werken",
      "skill": 15,
      "period_source": "ASSIGNMENT",
      "source": "wies",
      "source_id": "",
      "status": "OPEN"
    }
  },
  {
    "model": "core.service",
    "pk": 36,
    "fields": {
      "assignment": 20,
      "description": "Uitvoeren van risicoanalyses en penetratietesten op kritieke systemen",
      "skill": 20,
      "period_source": "ASSIGNMENT",
      "source": "otys_iir",
      "source_id": "",
      "status": "OPEN"
    }
  },
  {
    "model": "core.service",
    "pk": 37,
    "fields": {
      "assignment": 4,
      "description": "Ondersteuning bij de uitvoering van het project",
      "skill": null,
      "period_source": "ASSIGNMENT",
      "source": "otys_iir",
      "source_id": "",
      "status": "OPEN"
    }
  },
  {
    "model": "core.service",
    "pk": 38,
    "fields": {
      "assignment": 14,
      "description": "Advies over de juridische aspecten van data-uitwisseling tussen overheidsorganisaties",
      "skill": 6,
      "period_source": "ASSIGNMENT",
      "source": "otys_iir",
      "source_id": "",
      "status": "OPEN"
    }
  },
  {
    "model": "core.service",
    "pk": 39,
    "fields": {
      "assignment": 3,
      "description": "Advisering over de implementatie van nieuwe wet- en regelgeving in digitale systemen",
      "skill": 14,
      "period_source": "ASSIGNMENT",
      "source": "otys_iir",
      "source_id": "",
      "status": "OPEN"
    }
  },
  {
    "model": "core.service",
    "pk": 40,
    "fields": {
      "assignment": 22,
      "description": "Ontwikkeling van ETL-processen voor de ontsluiting van bronregistraties",
      "skill": 8,
      "period_source": "ASSIGNMENT",
      "source": "otys_iir",
      "source_id": "",
      "status": "OPEN"
    }
  },
  {
    "model": "core.service",
    "pk": 41,
    "fields": {
      "assignment": 21,
      "description": "Ontwikkeling van ETL-processen voor de ontsluiting van bronregistraties",
      "skill": 8,
      "period_source": "ASSIGNMENT",
      "source": "otys_iir",
      "source_id": "",
      "status": "OPEN"
    }
  },
  {
    "model": "core.service",
    "pk": 42,
    "fields": {
      "assignment": 29,
      "description": "Opzetten van een teststrategie en coördinatie van testactiviteiten",
      "skill": 27,
      "period_source": "ASSIGNMENT",
      "source": "otys_iir",
      "source_id": "",
      "status": "OPEN"
    }
  },
  {
    "model": "core.service",
    "pk": 43,
    "fields": {
      "assignment": 24,
      "description": "Advies over verantwoorde inzet van AI binnen overheidsprocessen conform de AI-verordening",
      "skill": 5,
      "period_source": "ASSIGNMENT",
      "source": "otys_iir",
      "source_id": "",
      "status": "OPEN"
    }
  },
  {
    "model": "core.service",
    "pk": 44,
    "fields": {
      "assignment": 3,
      "description": "Inrichten van testautomatisering en kwaliteitsrapportages",
      "skill": 27,
      "period_source": "ASSIGNMENT",
      "source": "otys_iir",
      "source_id": "",
      "status": "OPEN"
    }
  },
  {
    "model": "core.service",
    "pk": 45,
    "fields": {
      "assignment": 25,
      "description": "Beheer van de productbacklog en afstemming met stakeholders over prioriteiten",
      "skill": 3,
      "period_source": "ASSIGNMENT",
      "source": "otys_iir",
      "source_id": "",
      "status": "OPEN"
    }
  },
  {
    "model": "core.service",
    "pk": 46,
    "fields": {
      "assignment": 15,
      "description": "Leiding geven aan een multidisciplinair team voor de implementatie van een nieuw zaaksysteem",
      "skill": 9,
      "period_source": "ASSIGNMENT",
      "source": "otys_iir",
      "source_id": "",
      "status": "OPEN"
    }
  },
  {
    "model": "core.service",
    "pk": 47,
    "fields": {
      "assignment": 21,
      "description": "Bouwen van toegankelijke formulieren en dashboards conform WCAG-richtlijnen",
      "skill": 2,
      "period_source": "ASSIGNMENT",
      "source": "otys_iir",
      "source_id": "",
      "status": "OPEN"
    }
  },
  {
    "model": "core.service",
    "pk": 48,
    "fields": {
      "assignment": 27,
      "description": "Beheer van de productbacklog en afstemming met stakeholders over prioriteiten",
      "skill": 3,
      "period_source": "ASSIGNMENT",
      "source": "wies",
      "source_id": "",
      "status": "OPEN"
    }
  },
  {
    "model": "core.service",
    "pk": 49,
    "fields": {
      "assignment": 25,
      "description": "Migratie van legacy-systemen naar een moderne microservices-architectuur",
      "skill": 1,
      "period_source": "ASSIGNMENT",
      "source": "otys_iir",
      "source_id": "",
      "status": "OPEN"
    }
  },
  {
    "model": "core.service",
    "pk": 50,
    "fields": {
      "assignment": 14,
      "description": "Beheer van de containerplatform-infrastructuur en monitoring",
      "skill": 25,
      "period_source": "ASSIGNMENT",
      "source": "otys_iir",
      "source_id": "",
      "status": "OPEN"
    }
  },
  {
    "model": "core.service",
    "pk": 51,
    "fields": {
      "assignment": 23,
      "description": "Aansturen van het migratietraject van on-premise naar cloudomgeving",
      "skill": 9,
      "period_source": "ASSIGNMENT",
      "source": "wies",
      "source_id": "",
      "status": "OPEN"
    }
  },
  {
    "model": "core.service",
    "pk": 52,
    "fields": {
      "assignment": 20,
      "description": "Ontwikkelen en uitvoeren van een veranderstrategie voor digitale transformatie",
      "skill": 16,
      "period_source": "ASSIGNMENT",
      "source": "otys_iir",
      "source_id": "",
      "status": "OPEN"
    }
  },
  {
    "model": "core.service",
    "pk": 53,
    "fields": {
      "assignment": 20,
      "description": "Uitvoeren van DPIA's en toezicht houden op de naleving van de AVG",
      "skill": 22,
      "period_source": "ASSIGNMENT",
      "source": "wies",
      "source_id": "",
      "status": "OPEN"
    }
  },
  {
    "model": "core.service",
    "pk": 54,
    "fields": {
      "assignment": 16,
      "description": "Ondersteuning bij de adoptie van nieuwe systemen en werkwijzen door eindgebruikers",
      "skill": 16,
      "period_source": "ASSIGNMENT",
      "source": "otys_iir",
      "source_id": "",
      "status": "OPEN"
    }
  },
  {
    "model": "core.service",
    "pk": 55,
    "fields": {
      "assignment": 19,
      "description": "Advisering van het bestuur over IT-investeringen en digitale innovatie",
      "skill": 18,
      "period_source": "ASSIGNMENT",
      "source": "otys_iir",
      "source_id": "",
      "status": "OPEN"
    }
  },
  {
    "model": "core.service",
    "pk": 56,
    "fields": {
      "assignment": 16,
      "description": "Opstellen van interactiepatronen en designrichtlijnen voor het platform",
      "skill": 4,
      "period_source": "ASSIGNMENT",
      "source": "otys_iir",
      "source_id": "",
      "status": "OPEN"
    }
  },
  {
    "model": "core.service",
    "pk": 57,
    "fields": {
      "assignment": 23,
      "description": "Ontwikkeling en onderhoud van backend-services en API's voor het centrale platform",
      "skill": 1,
      "period_source": "ASSIGNMENT",
      "source": "wies",
      "source_id": "",
      "status": "OPEN"
    }
  },
  {
    "model": "core.service",
    "pk": 58,
    "fields": {
      "assignment": 21,
      "description": "Uitvoeren van beleidsanalyses en haalbaarheidsstudies voor nieuwe digitale initiatieven",
      "skill": 7,
      "period_source": "ASSIGNMENT",
      "source": "otys_iir",
      "source_id": "",
      "status": "OPEN"
    }
  },
  {
    "model": "core.service",
    "pk": 59,
    "fields": {
      "assignment": 22,
      "description": "Inrichten en beheer van CI/CD-pipelines en geautomatiseerde deployments",
      "skill": 25,
      "period_source": "ASSIGNMENT",
      "source": "otys_iir",
      "source_id": "",
      "status": "OPEN"
    }
  },
  {
    "model": "core.service",
    "pk": 60,
    "fields": {
      "assignment": 24,
      "description": "Opbouwen van een nieuw team en inrichten van de werkprocessen",
      "skill": 10,
      "period_source": "ASSIGNMENT",
      "source": "wies",
      "source_id": "",
      "status": "OPEN"
    }
  },
  {
    "model": "core.service",
    "pk": 61,
    "fields": {
      "assignment": 22,
      "description": "Opstellen van datamodellen en richtlijnen voor gegevensuitwisseling",
      "skill": 21,
      "period_source": "ASSIGNMENT",
      "source": "otys_iir",
      "source_id": "",
      "status": "OPEN"
    }
  },
  {
    "model": "core.service",
    "pk": 62,
    "fields": {
      "assignment": 10,
      "description": "Bouwen van koppelingen met externe registraties en basisregistraties",
      "skill": 1,
      "period_source": "ASSIGNMENT",
      "source": "otys_iir",
      "source_id": "",
      "status": "OPEN"
    }
  },
  {
    "model": "core.service",
    "pk": 63,
    "fields": {
      "assignment": 13,
      "description": "Tijdelijke inzet voor de doorontwikkeling van het platform",
      "skill": null,
      "period_source": "ASSIGNMENT",
      "source": "otys_iir",
      "source_id": "",
      "status": "OPEN"
    }
  },
  {
    "model": "core.service",
    "pk": 64,
    "fields": {
      "assignment": 4,
      "description": "Verkenning van mogelijkheden voor tekstanalyse en classificatie van documenten",
      "skill": 5,
      "period_source": "ASSIGNMENT",
      "source": "wies",
      "source_id": "",
      "status": "OPEN"
    }
  },
  {
    "model": "core.service",
    "pk": 65,
    "fields": {
      "assignment": 15,
      "description": "Aansturen van het migratietraject van on-premise naar cloudomgeving",
      "skill": 9,
      "period_source": "ASSIGNMENT",
      "source": "otys_iir",
      "source_id": "",
      "status": "OPEN"
    }
  },
  {
    "model": "core.service",
    "pk": 66,
    "fields": {
      "assignment": 22,
      "description": "Strategische aansturing van de IT-organisatie en digitale agenda",
      "skill": 18,
      "period_source": "ASSIGNMENT",
      "source": "otys_iir",
      "source_id": "",
      "status": "OPEN"
    }
  },
  {
    "model": "core.service",
    "pk": 67,
    "fields": {
      "assignment": 27,
      "description": "Begeleiding bij de ontwikkeling van een AI-strategie en implementatieroadmap",
      "skill": 5,
      "period_source": "ASSIGNMENT",
      "source": "otys_iir",
      "source_id": "",
      "status": "OPEN"
    }
  },
  {
    "model": "core.service",
    "pk": 68,
    "fields": {
      "assignment": 20,
      "description": "Opzetten van een teststrategie en coördinatie van testactiviteiten",
      "skill": 27,
      "period_source": "ASSIGNMENT",
      "source": "otys_iir",
      "source_id": "",
      "status": "OPEN"
    }
  },
  {
    "model": "core.service",
    "pk": 69,
    "fields": {
      "assignment": 1,
      "description": "Tijdelijke aansturing van het ICT-team tijdens een reorganisatie",
      "skill": 10,
      "period_source": "ASSIGNMENT",
      "source": "otys_iir",
      "source_id": "",
      "status": "OPEN"
    }
  },
  {
    "model": "core.service",
    "pk": 70,
    "fields": {
      "assignment": 30,
      "description": "Begeleiding bij de ontwikkeling van een AI-strategie en implementatieroadmap",
      "skill": 5,
      "period_source": "ASSIGNMENT",
      "source": "otys_iir",
      "source_id": "",
      "status": "OPEN"
    }
  },
  {
    "model": "core.service",
    "pk": 71,
    "fields": {
      "assignment": 17,
      "description": "Inrichten en beheer van CI/CD-pipelines en geautomatiseerde deployments",
      "skill": 25,
      "period_source": "ASSIGNMENT",
      "source": "otys_iir",
      "source_id": "",
      "status": "OPEN"
    }
  },
  {
    "model": "core.service",
    "pk": 72,
    "fields": {
      "assignment": 16,
      "description": "Faciliteren van sprint ceremonies en het wegnemen van impediments",
      "skill": 23,
      "period_source": "ASSIGNMENT",
      "source": "otys_iir",
      "source_id": "",
      "status": "OPEN"
    }
  },
  {
    "model": "core.service",
    "pk": 73,
    "fields": {
      "assignment": 13,
      "description": "Opstellen van beleidskaders voor digitalisering en informatievoorziening",
      "skill": 14,
      "period_source": "ASSIGNMENT",
      "source": "otys_iir",
      "source_id": "",
      "status": "OPEN"
    }
  },
  {
    "model": "core.service",
    "pk": 74,
    "fields": {
      "assignment": 22,
      "description": "Opzetten van een teststrategie en coördinatie van testactiviteiten",
      "skill": 27,
      "period_source": "ASSIGNMENT",
      "source": "otys_iir",
      "source_id": "",
      "status": "OPEN"
    }
  },
  {
    "model": "core.service",
    "pk": 75,
    "fields": {
      "assignment": 30,
      "description": "Ontwerp van het datalandschap en de gegevensarchitectuur voor de organisatie",
      "skill": 21,
      "period_source": "ASSIGNMENT",
      "source": "otys_iir",
      "source_id": "",
      "status": "OPEN"
    }
  },
  {
    "model": "core.service",
    "pk": 76,
    "fields": {
      "assignment": 2,
      "description": "Bewaken van architectuurprincipes en technische samenhang tussen systemen",
      "skill": 19,
      "period_source": "ASSIGNMENT",
      "source": "wies",
      "source_id": "",
      "status": "OPEN"
    }
  },
  {
    "model": "core.service",
    "pk": 77,
    "fields": {
      "assignment": 21,
      "description": "Verkenning en voorbereiding van een nieuw programma rond datagedreven werken",
      "skill": 15,
      "period_source": "ASSIGNMENT",
      "source": "otys_iir",
      "source_id": "",
      "status": "OPEN"
    }
  },
  {
    "model": "core.service",
    "pk": 78,
    "fields": {
      "assignment": 20,
      "description": "Verkenning van mogelijkheden voor tekstanalyse en classificatie van documenten",
      "skill": 5,
      "period_source": "ASSIGNMENT",
      "source": "otys_iir",
      "source_id": "",
      "status": "OPEN"
    }
  },
  {
    "model": "core.service",
    "pk": 79,
    "fields": {
      "assignment": 14,
      "description": "Coaching van teamleden en stakeholders in agile werkwijzen",
      "skill": 23,
      "period_source": "ASSIGNMENT",
      "source": "otys_iir",
      "source_id": "",
      "status": "OPEN"
    }
  },
  {
    "model": "core.service",
    "pk": 80,
    "fields": {
      "assignment": 16,
      "description": "Modelleren van processen in BPMN en identificeren van verbeterkansen",
      "skill": 29,
      "period_source": "ASSIGNMENT",
      "source": "otys_iir",
      "source_id": "",
      "status": "OPEN"
    }
  },
  {
    "model": "core.service",
    "pk": 81,
    "fields": {
      "assignment": 16,
      "description": "Inrichten en beheer van CI/CD-pipelines en geautomatiseerde deployments",
      "skill": 25,
      "period_source": "ASSIGNMENT",
      "source": "wies",
      "source_id": "",
      "status": "OPEN"
    }
  },
  {
    "model": "core.service",
    "pk": 82,
    "fields": {
      "assignment": 2,
      "description": "Ontwikkeling van ETL-processen voor de ontsluiting van bronregistraties",
      "skill": 8,
      "period_source": "ASSIGNMENT",
      "source": "otys_iir",
      "source_id": "",
      "status": "OPEN"
    }
  },
  {
    "model": "core.service",
    "pk": 83,
    "fields": {
      "assignment": 15,
      "description": "Waarneming van het afdelingshoofd en bewaken van de operationele continuïteit",
      "skill": 10,
      "period_source": "ASSIGNMENT",
      "source": "otys_iir",
      "source_id": "",
      "status": "OPEN"
    }
  },
  {
    "model": "core.service",
    "pk": 84,
    "fields": {
      "assignment": 4,
      "description": "Begeleiden van het scrumteam en bewaken van het agile proces",
      "skill": 23,
      "period_source": "ASSIGNMENT",
      "source": "otys_iir",
      "source_id": "",
      "status": "OPEN"
    }
  },
  {
    "model": "core.service",
    "pk": 85,
    "fields": {
      "assignment": 15,
      "description": "Implementatie van een componentenbibliotheek voor hergebruik binnen de organisatie",
      "skill": 2,
      "period_source": "ASSIGNMENT",
      "source": "otys_iir",
      "source_id": "",
      "status": "OPEN"
    }
  },
  {
    "model": "core.service",
    "pk": 86,
    "fields": {
      "assignment": 2,
      "description": "Analyse van de organisatiecultuur en aanbevelingen voor verandermanagement",
      "skill": 12,
      "period_source": "ASSIGNMENT",
      "source": "otys_iir",
      "source_id": "",
      "status": "OPEN"
    }
  },
  {
    "model": "core.service",
    "pk": 87,
    "fields": {
      "assignment": 23,
      "description": "Advisering over privacy by design bij de ontwikkeling van digitale diensten",
      "skill": 22,
      "period_source": "ASSIGNMENT",
      "source": "otys_iir",
      "source_id": "",
      "status": "OPEN"
    }
  },
  {
    "model": "core.service",
    "pk": 88,
    "fields": {
      "assignment": 10,
      "description": "Ondersteuning bij de implementatie van procesverbeteringen en monitoring",
      "skill": 29,
      "period_source": "ASSIGNMENT",
      "source": "otys_iir",
      "source_id": "",
      "status": "OPEN"
    }
  },
  {
    "model": "core.service",
    "pk": 89,
    "fields": {
      "assignment": 13,
      "description": "Advies over de integratie van cloudoplossingen binnen de bestaande infrastructuur",
      "skill": 19,
      "period_source": "ASSIGNMENT",
      "source": "otys_iir",
      "source_id": "",
      "status": "OPEN"
    }
  },
  {
    "model": "core.service",
    "pk": 90,
    "fields": {
      "assignment": 29,
      "description": "Leiding geven aan een multidisciplinair team voor de implementatie van een nieuw zaaksysteem",
      "skill": 9,
      "period_source": "ASSIGNMENT",
      "source": "otys_iir",
      "source_id": "",
      "status": "OPEN"
    }
  },
  {
    "model": "core.service",
    "pk": 91,
    "fields": {
      "assignment": 21,
      "description": "Evaluatie van bestaande systemen en advies over verbetermogelijkheden",
      "skill": 7,
      "period_source": "ASSIGNMENT",
      "source": "otys_iir",
      "source_id": "",
      "status": "OPEN"
    }
  },
  {
    "model": "core.service",
    "pk": 92,
    "fields": {
      "assignment": 3,
      "description": "Ondersteuning bij de herinrichting van rollen en verantwoordelijkheden",
      "skill": 12,
      "period_source": "ASSIGNMENT",
      "source": "otys_iir",
      "source_id": "",
      "status": "OPEN"
    }
  },
  {
    "model": "core.service",
    "pk": 93,
    "fields": {
      "assignment": 20,
      "description": "Opzetten van een nieuw team en inrichten van werkprocessen en tooling",
      "skill": 15,
      "period_source": "ASSIGNMENT",
      "source": "otys_iir",
      "source_id": "",
      "status": "OPEN"
    }
  },
  {
    "model": "core.service",
    "pk": 94,
    "fields": {
      "assignment": 19,
      "description": "Opstellen van interactiepatronen en designrichtlijnen voor het platform",
      "skill": 4,
      "period_source": "ASSIGNMENT",
      "source": "otys_iir",
      "source_id": "",
      "status": "OPEN"
    }
  },
  {
    "model": "core.service",
    "pk": 95,
    "fields": {
      "assignment": 17,
      "description": "Coaching van teamleden en stakeholders in agile werkwijzen",
      "skill": 23,
      "period_source": "ASSIGNMENT",
      "source": "otys_iir",
      "source_id": "",
      "status": "OPEN"
    }
  },
  {
    "model": "core.service",
    "pk": 96,
    "fields": {
      "assignment": 30,
      "description": "Ontwikkeling en onderhoud van backend-services en API's voor het centrale platform",
      "skill": 1,
      "period_source": "ASSIGNMENT",
      "source": "wies",
      "source_id": "",
      "status": "OPEN"
    }
  },
  {
    "model": "core.service",
    "pk": 97,
    "fields": {
      "assignment": 2,
      "description": "Ondersteuning bij de uitvoering van het project",
      "skill": null,
      "period_source": "ASSIGNMENT",
      "source": "otys_iir",
      "source_id": "",
      "status": "OPEN"
    }
  },
  {
    "model": "core.service",
    "pk": 98,
    "fields": {
      "assignment": 15,
      "description": "Ontwikkeling van ETL-processen voor de ontsluiting van bronregistraties",
      "skill": 8,
      "period_source": "ASSIGNMENT",
      "source": "otys_iir",
      "source_id": "",
      "status": "OPEN"
    }
  },
  {
    "model": "core.service",
    "pk": 99,
    "fields": {
      "assignment": 13,
      "description": "Inrichten van security monitoring en incident response processen",
      "skill": 20,
      "period_source": "ASSIGNMENT",
      "source": "otys_iir",
      "source_id": "",
      "status": "OPEN"
    }
  },
  {
    "model": "core.service",
    "pk": 100,
    "fields": {
      "assignment": 30,
      "description": "Verkenning van mogelijkheden voor tekstanalyse en classificatie van documenten",
      "skill": 5,
      "period_source": "ASSIGNMENT",
      "source": "otys_iir",
      "source_id": "",
      "status": "OPEN"
    }
  },
  {
    "model": "core.service",
    "pk": 101,
    "fields": {
      "assignment": 29,
      "description": "Opbouwen van een nieuw team en inrichten van de werkprocessen",
      "skill": 10,
      "period_source": "ASSIGNMENT",
      "source": "otys_iir",
      "source_id": "",
      "status": "OPEN"
    }
  },
  {
    "model": "core.service",
    "pk": 102,
    "fields": {
      "assignment": 25,
      "description": "Begeleiding bij de ontwikkeling van een AI-strategie en implementatieroadmap",
      "skill": 5,
      "period_source": "ASSIGNMENT",
      "source": "wies",
      "source_id": "",
      "status": "OPEN"
    }
  },
  {
    "model": "core.service",
    "pk": 103,
    "fields": {
      "assignment": 16,
      "description": "Advies over de juridische aspecten van data-uitwisseling tussen overheidsorganisaties",
      "skill": 6,
      "period_source": "ASSIGNMENT",
      "source": "otys_iir",
      "source_id": "",
      "status": "OPEN"
    }
  },
  {
    "model": "core.service",
    "pk": 104,
    "fields": {
      "assignment": 24,
      "description": "Advies over de inrichting van de IT-governance en besluitvormingsstructuur",
      "skill": 12,
      "period_source": "ASSIGNMENT",
      "source": "otys_iir",
      "source_id": "",
      "status": "OPEN"
    }
  },
  {
    "model": "core.service",
    "pk": 105,
    "fields": {
      "assignment": 14,
      "description": "Aansturen van het migratietraject van on-premise naar cloudomgeving",
      "skill": 9,
      "period_source": "ASSIGNMENT",
      "source": "wies",
      "source_id": "",
      "status": "OPEN"
    }
  },
  {
    "model": "core.service",
    "pk": 106,
    "fields": {
      "assignment": 15,
      "description": "Faciliteren van samenwerking tussen beleid, uitvoering en ICT",
      "skill": 11,
      "period_source": "ASSIGNMENT",
      "source": "otys_iir",
      "source_id": "",
      "status": "OPEN"
    }
  },
  {
    "model": "core.service",
    "pk": 107,
    "fields": {
      "assignment": 3,
      "description": "Inrichten en beheer van datapipelines voor het centrale dataplatform",
      "skill": 8,
      "period_source": "ASSIGNMENT",
      "source": "otys_iir",
      "source_id": "",
      "status": "OPEN"
    }
  },
  {
    "model": "core.service",
    "pk": 108,
    "fields": {
      "assignment": 19,
      "description": "Ondersteuning bij de uitvoering van het project",
      "skill": null,
      "period_source": "ASSIGNMENT",
      "source": "otys_iir",
      "source_id": "",
      "status": "OPEN"
    }
  },
  {
    "model": "core.service",
    "pk": 109,
    "fields": {
      "assignment": 31,
      "description": "Ontwikkeling en onderhoud van backend-services en API's voor het centrale platform",
      "skill": 1,
      "period_source": "ASSIGNMENT",
      "source": "wies",
      "source_id": "",
      "status": "OPEN"
    }
  },
  {
    "model": "core.placement",
    "pk": 1,
    "fields": {
      "colleague": 48,
      "service": 22,
      "period_source": "SERVICE",
      "specific_start_date": null,
      "specific_end_date": null,
      "source": "otys_iir",
      "source_id": ""
    }
  },
  {
    "model": "core.placement",
    "pk": 2,
    "fields": {
      "colleague": 16,
      "service": 84,
      "period_source": "SERVICE",
      "specific_start_date": null,
      "specific_end_date": null,
      "source": "otys_iir",
      "source_id": ""
    }
  },
  {
    "model": "core.placement",
    "pk": 3,
    "fields": {
      "colleague": 25,
      "service": 3,
      "period_source": "SERVICE",
      "specific_start_date": null,
      "specific_end_date": null,
      "source": "otys_iir",
      "source_id": ""
    }
  },
  {
    "model": "core.placement",
    "pk": 4,
    "fields": {
      "colleague": 38,
      "service": 40,
      "period_source": "SERVICE",
      "specific_start_date": null,
      "specific_end_date": null,
      "source": "otys_iir",
      "source_id": ""
    }
  },
  {
    "model": "core.placement",
    "pk": 5,
    "fields": {
      "colleague": 8,
      "service": 94,
      "period_source": "SERVICE",
      "specific_start_date": null,
      "specific_end_date": null,
      "source": "otys_iir",
      "source_id": ""
    }
  },
  {
    "model": "core.placement",
    "pk": 6,
    "fields": {
      "colleague": 9,
      "service": 37,
      "period_source": "SERVICE",
      "specific_start_date": null,
      "specific_end_date": null,
      "source": "otys_iir",
      "source_id": ""
    }
  },
  {
    "model": "core.placement",
    "pk": 7,
    "fields": {
      "colleague": 13,
      "service": 48,
      "period_source": "SERVICE",
      "specific_start_date": null,
      "specific_end_date": null,
      "source": "otys_iir",
      "source_id": ""
    }
  },
  {
    "model": "core.placement",
    "pk": 8,
    "fields": {
      "colleague": 39,
      "service": 71,
      "period_source": "SERVICE",
      "specific_start_date": null,
      "specific_end_date": null,
      "source": "otys_iir",
      "source_id": ""
    }
  },
  {
    "model": "core.placement",
    "pk": 9,
    "fields": {
      "colleague": 35,
      "service": 100,
      "period_source": "SERVICE",
      "specific_start_date": null,
      "specific_end_date": null,
      "source": "wies",
      "source_id": ""
    }
  },
  {
    "model": "core.placement",
    "pk": 10,
    "fields": {
      "colleague": 23,
      "service": 41,
      "period_source": "SERVICE",
      "specific_start_date": null,
      "specific_end_date": null,
      "source": "otys_iir",
      "source_id": ""
    }
  },
  {
    "model": "core.placement",
    "pk": 11,
    "fields": {
      "colleague": 1,
      "service": 36,
      "period_source": "SERVICE",
      "specific_start_date": null,
      "specific_end_date": null,
      "source": "otys_iir",
      "source_id": ""
    }
  },
  {
    "model": "core.placement",
    "pk": 12,
    "fields": {
      "colleague": 47,
      "service": 66,
      "period_source": "SERVICE",
      "specific_start_date": null,
      "specific_end_date": null,
      "source": "otys_iir",
      "source_id": ""
    }
  },
  {
    "model": "core.placement",
    "pk": 13,
    "fields": {
      "colleague": 37,
      "service": 25,
      "period_source": "SERVICE",
      "specific_start_date": null,
      "specific_end_date": null,
      "source": "otys_iir",
      "source_id": ""
    }
  },
  {
    "model": "core.placement",
    "pk": 14,
    "fields": {
      "colleague": 32,
      "service": 47,
      "period_source": "SERVICE",
      "specific_start_date": null,
      "specific_end_date": null,
      "source": "wies",
      "source_id": ""
    }
  },
  {
    "model": "core.placement",
    "pk": 15,
    "fields": {
      "colleague": 41,
      "service": 93,
      "period_source": "SERVICE",
      "specific_start_date": null,
      "specific_end_date": null,
      "source": "otys_iir",
      "source_id": ""
    }
  },
  {
    "model": "core.placement",
    "pk": 16,
    "fields": {
      "colleague": 34,
      "service": 97,
      "period_source": "SERVICE",
      "specific_start_date": null,
      "specific_end_date": null,
      "source": "otys_iir",
      "source_id": ""
    }
  },
  {
    "model": "core.placement",
    "pk": 17,
    "fields": {
      "colleague": 34,
      "service": 33,
      "period_source": "SERVICE",
      "specific_start_date": null,
      "specific_end_date": null,
      "source": "otys_iir",
      "source_id": ""
    }
  },
  {
    "model": "core.placement",
    "pk": 18,
    "fields": {
      "colleague": 11,
      "service": 75,
      "period_source": "SERVICE",
      "specific_start_date": null,
      "specific_end_date": null,
      "source": "otys_iir",
      "source_id": ""
    }
  },
  {
    "model": "core.placement",
    "pk": 19,
    "fields": {
      "colleague": 20,
      "service": 24,
      "period_source": "SERVICE",
      "specific_start_date": null,
      "specific_end_date": null,
      "source": "otys_iir",
      "source_id": ""
    }
  },
  {
    "model": "core.placement",
    "pk": 20,
    "fields": {
      "colleague": 45,
      "service": 4,
      "period_source": "SERVICE",
      "specific_start_date": null,
      "specific_end_date": null,
      "source": "otys_iir",
      "source_id": ""
    }
  },
  {
    "model": "core.placement",
    "pk": 21,
    "fields": {
      "colleague": 19,
      "service": 46,
      "period_source": "SERVICE",
      "specific_start_date": null,
      "specific_end_date": null,
      "source": "otys_iir",
      "source_id": ""
    }
  },
  {
    "model": "core.placement",
    "pk": 22,
    "fields": {
      "colleague": 2,
      "service": 27,
      "period_source": "SERVICE",
      "specific_start_date": null,
      "specific_end_date": null,
      "source": "wies",
      "source_id": ""
    }
  },
  {
    "model": "core.placement",
    "pk": 23,
    "fields": {
      "colleague": 2,
      "service": 78,
      "period_source": "SERVICE",
      "specific_start_date": null,
      "specific_end_date": null,
      "source": "otys_iir",
      "source_id": ""
    }
  },
  {
    "model": "core.placement",
    "pk": 24,
    "fields": {
      "colleague": 2,
      "service": 62,
      "period_source": "SERVICE",
      "specific_start_date": null,
      "specific_end_date": null,
      "source": "otys_iir",
      "source_id": ""
    }
  },
  {
    "model": "core.placement",
    "pk": 25,
    "fields": {
      "colleague": 18,
      "service": 56,
      "period_source": "SERVICE",
      "specific_start_date": null,
      "specific_end_date": null,
      "source": "otys_iir",
      "source_id": ""
    }
  },
  {
    "model": "core.placement",
    "pk": 26,
    "fields": {
      "colleague": 33,
      "service": 58,
      "period_source": "SERVICE",
      "specific_start_date": null,
      "specific_end_date": null,
      "source": "otys_iir",
      "source_id": ""
    }
  },
  {
    "model": "core.placement",
    "pk": 27,
    "fields": {
      "colleague": 12,
      "service": 80,
      "period_source": "SERVICE",
      "specific_start_date": null,
      "specific_end_date": null,
      "source": "otys_iir",
      "source_id": ""
    }
  },
  {
    "model": "core.placement",
    "pk": 28,
    "fields": {
      "colleague": 43,
      "service": 89,
      "period_source": "SERVICE",
      "specific_start_date": null,
      "specific_end_date": null,
      "source": "otys_iir",
      "source_id": ""
    }
  },
  {
    "model": "core.placement",
    "pk": 29,
    "fields": {
      "colleague": 36,
      "service": 79,
      "period_source": "SERVICE",
      "specific_start_date": null,
      "specific_end_date": null,
      "source": "otys_iir",
      "source_id": ""
    }
  },
  {
    "model": "core.placement",
    "pk": 30,
    "fields": {
      "colleague": 4,
      "service": 65,
      "period_source": "SERVICE",
      "specific_start_date": null,
      "specific_end_date": null,
      "source": "otys_iir",
      "source_id": ""
    }
  },
  {
    "model": "core.placement",
    "pk": 31,
    "fields": {
      "colleague": 50,
      "service": 35,
      "period_source": "SERVICE",
      "specific_start_date": null,
      "specific_end_date": null,
      "source": "otys_iir",
      "source_id": ""
    }
  },
  {
    "model": "core.placement",
    "pk": 32,
    "fields": {
      "colleague": 44,
      "service": 63,
      "period_source": "SERVICE",
      "specific_start_date": null,
      "specific_end_date": null,
      "source": "otys_iir",
      "source_id": ""
    }
  },
  {
    "model": "core.placement",
    "pk": 33,
    "fields": {
      "colleague": 3,
      "service": 67,
      "period_source": "SERVICE",
      "specific_start_date": null,
      "specific_end_date": null,
      "source": "otys_iir",
      "source_id": ""
    }
  },
  {
    "model": "core.placement",
    "pk": 34,
    "fields": {
      "colleague": 42,
      "service": 88,
      "period_source": "SERVICE",
      "specific_start_date": null,
      "specific_end_date": null,
      "source": "otys_iir",
      "source_id": ""
    }
  },
  {
    "model": "core.placement",
    "pk": 35,
    "fields": {
      "colleague": 6,
      "service": 34,
      "period_source": "SERVICE",
      "specific_start_date": null,
      "specific_end_date": null,
      "source": "otys_iir",
      "source_id": ""
    }
  },
  {
    "model": "core.placement",
    "pk": 36,
    "fields": {
      "colleague": 6,
      "service": 108,
      "period_source": "SERVICE",
      "specific_start_date": null,
      "specific_end_date": null,
      "source": "otys_iir",
      "source_id": ""
    }
  },
  {
    "model": "core.placement",
    "pk": 37,
    "fields": {
      "colleague": 5,
      "service": 102,
      "period_source": "SERVICE",
      "specific_start_date": null,
      "specific_end_date": null,
      "source": "otys_iir",
      "source_id": ""
    }
  },
  {
    "model": "core.placement",
    "pk": 38,
    "fields": {
      "colleague": 31,
      "service": 11,
      "period_source": "SERVICE",
      "specific_start_date": null,
      "specific_end_date": null,
      "source": "otys_iir",
      "source_id": ""
    }
  },
  {
    "model": "core.placement",
    "pk": 39,
    "fields": {
      "colleague": 10,
      "service": 101,
      "period_source": "SERVICE",
      "specific_start_date": null,
      "specific_end_date": null,
      "source": "otys_iir",
      "source_id": ""
    }
  },
  {
    "model": "core.placement",
    "pk": 40,
    "fields": {
      "colleague": 24,
      "service": 106,
      "period_source": "SERVICE",
      "specific_start_date": null,
      "specific_end_date": null,
      "source": "otys_iir",
      "source_id": ""
    }
  },
  {
    "model": "core.placement",
    "pk": 41,
    "fields": {
      "colleague": 24,
      "service": 51,
      "period_source": "SERVICE",
      "specific_start_date": null,
      "specific_end_date": null,
      "source": "otys_iir",
      "source_id": ""
    }
  },
  {
    "model": "core.placement",
    "pk": 42,
    "fields": {
      "colleague": 17,
      "service": 30,
      "period_source": "SERVICE",
      "specific_start_date": null,
      "specific_end_date": null,
      "source": "otys_iir",
      "source_id": ""
    }
  },
  {
    "model": "core.placement",
    "pk": 43,
    "fields": {
      "colleague": 40,
      "service": 60,
      "period_source": "SERVICE",
      "specific_start_date": null,
      "specific_end_date": null,
      "source": "otys_iir",
      "source_id": ""
    }
  },
  {
    "model": "core.placement",
    "pk": 44,
    "fields": {
      "colleague": 49,
      "service": 10,
      "period_source": "SERVICE",
      "specific_start_date": null,
      "specific_end_date": null,
      "source": "otys_iir",
      "source_id": ""
    }
  },
  {
    "model": "core.placement",
    "pk": 45,
    "fields": {
      "colleague": 49,
      "service": 77,
      "period_source": "SERVICE",
      "specific_start_date": null,
      "specific_end_date": null,
      "source": "otys_iir",
      "source_id": ""
    }
  },
  {
    "model": "core.placement",
    "pk": 46,
    "fields": {
      "colleague": 21,
      "service": 96,
      "period_source": "SERVICE",
      "specific_start_date": null,
      "specific_end_date": null,
      "source": "otys_iir",
      "source_id": ""
    }
  },
  {
    "model": "core.placement",
    "pk": 47,
    "fields": {
      "colleague": 7,
      "service": 98,
      "period_source": "SERVICE",
      "specific_start_date": null,
      "specific_end_date": null,
      "source": "otys_iir",
      "source_id": ""
    }
  },
  {
    "model": "core.placement",
    "pk": 48,
    "fields": {
      "colleague": 46,
      "service": 50,
      "period_source": "SERVICE",
      "specific_start_date": null,
      "specific_end_date": null,
      "source": "otys_iir",
      "source_id": ""
    }
  },
  {
    "model": "core.placement",
    "pk": 49,
    "fields": {
      "colleague": 26,
      "service": 86,
      "period_source": "SERVICE",
      "specific_start_date": null,
      "specific_end_date": null,
      "source": "otys_iir",
      "source_id": ""
    }
  },
  {
    "model": "core.placement",
    "pk": 50,
    "fields": {
      "colleague": 30,
      "service": 57,
      "period_source": "SERVICE",
      "specific_start_date": null,
      "specific_end_date": null,
      "source": "otys_iir",
      "source_id": ""
    }
  },
  {
    "model": "core.placement",
    "pk": 51,
    "fields": {
      "colleague": 14,
      "service": 109,
      "period_source": "SERVICE",
      "specific_start_date": null,
      "specific_end_date": null,
      "source": "wies",
      "source_id": ""
    }
  },
  {
    "model": "core.event",
    "pk": 1,
    "fields": {
      "timestamp": "2026-03-10T09:15:00Z",
      "user_email": "anna.demir@rijksoverheid.nl",
      "name": "Assignment.update",
      "resource_id": 12,
      "context": {
        "field_name": "name",
        "field_label": "Opdracht naam",
        "old_value": "Managementinformatie Bedrijfsvoering",
        "new_value": "Optimalisatie Managementinformatie Bedrijfsvoering",
        "author_name": "Anna Demir"
      }
    }
  },
  {
    "model": "core.event",
    "pk": 2,
    "fields": {
      "timestamp": "2026-03-22T14:30:00Z",
      "user_email": "anna.demir@rijksoverheid.nl",
      "name": "Assignment.update",
      "resource_id": 12,
      "context": {
        "field_name": "extra_info",
        "field_label": "Beschrijving",
        "old_value": "",
        "new_value": "Optimalisatie van managementinformatie voor betere bedrijfsvoering en rapportage.",
        "author_name": "Anna Demir"
      }
    }
  },
  {
    "model": "core.event",
    "pk": 3,
    "fields": {
      "timestamp": "2026-04-02T11:45:00Z",
      "user_email": "matthijs.beekman@rijksoverheid.nl",
      "name": "Assignment.update",
      "resource_id": 14,
      "context": {
        "field_name": "name",
        "field_label": "Opdracht naam",
        "old_value": "Circulaire Economie Informatie",
        "new_value": "Circulaire Economie Managementinformatie",
        "author_name": "Matthijs Beekman"
      }
    }
  },
  {
    "model": "core.event",
    "pk": 4,
    "fields": {
      "timestamp": "2024-10-15T00:00:00Z",
      "user_email": "fatima.elamrani@rijksoverheid.nl",
      "name": "Assignment.create",
      "resource_id": 1,
      "context": {
        "assignment_name": "Opzet Data Platform Onderwijs",
        "author_name": "Fatima El Amrani"
      }
    }
  },
  {
    "model": "core.event",
    "pk": 5,
    "fields": {
      "timestamp": "2024-11-11T00:00:00Z",
      "user_email": "thomas.jansen@rijksoverheid.nl",
      "name": "Assignment.create",
      "resource_id": 2,
      "context": {
        "assignment_name": "Proof of Concept Managementinformatie Informatiebeveiliging",
        "author_name": "Thomas Jansen"
      }
    }
  },
  {
    "model": "core.event",
    "pk": 6,
    "fields": {
      "timestamp": "2023-04-13T00:00:00Z",
      "user_email": "rick.vandam@rijksoverheid.nl",
      "name": "Assignment.create",
      "resource_id": 3,
      "context": {
        "assignment_name": "Optimalisatie Open Data",
        "author_name": "Rick van Dam"
      }
    }
  },
  {
    "model": "core.event",
    "pk": 7,
    "fields": {
      "timestamp": "2022-01-14T00:00:00Z",
      "user_email": "nils.berger@rijksoverheid.nl",
      "name": "Assignment.create",
      "resource_id": 4,
      "context": {
        "assignment_name": "Doorontwikkeling Architectuur Digitale Toegankelijkheid",
        "author_name": "Nils Berger"
      }
    }
  },
  {
    "model": "core.event",
    "pk": 8,
    "fields": {
      "timestamp": "2026-05-24T00:00:00Z",
      "user_email": "eva.mulder@rijksoverheid.nl",
      "name": "Assignment.create",
      "resource_id": 5,
      "context": {
        "assignment_name": "Uitrol Zaaksysteem Digitale Overheid",
        "author_name": "Eva Mulder"
      }
    }
  },
  {
    "model": "core.event",
    "pk": 9,
    "fields": {
      "timestamp": "2024-07-26T00:00:00Z",
      "user_email": "jan.smits@rijksoverheid.nl",
      "name": "Assignment.create",
      "resource_id": 6,
      "context": {
        "assignment_name": "Algoritmeregister Dienstverleningsportaal",
        "author_name": "Jan Smits"
      }
    }
  },
  {
    "model": "core.event",
    "pk": 10,
    "fields": {
      "timestamp": "2024-11-01T00:00:00Z",
      "user_email": "anna.demir@rijksoverheid.nl",
      "name": "Assignment.create",
      "resource_id": 7,
      "context": {
        "assignment_name": "Handhaving Cloudinfrastructuur",
        "author_name": "Anna Demir"
      }
    }
  },
  {
    "model": "core.event",
    "pk": 11,
    "fields": {
      "timestamp": "2024-11-12T00:00:00Z",
      "user_email": "sanne.dekker@rijksoverheid.nl",
      "name": "Assignment.create",
      "resource_id": 8,
      "context": {
        "assignment_name": "Wonen Ketenintegratie",
        "author_name": "Sanne Dekker"
      }
    }
  },
  {
    "model": "core.event",
    "pk": 12,
    "fields": {
      "timestamp": "2022-12-16T00:00:00Z",
      "user_email": "eva.mulder@rijksoverheid.nl",
      "name": "Assignment.create",
      "resource_id": 9,
      "context": {
        "assignment_name": "Doorontwikkeling Portaal Handhaving",
        "author_name": "Eva Mulder"
      }
    }
  },
  {
    "model": "core.event",
    "pk": 13,
    "fields": {
      "timestamp": "2022-08-10T00:00:00Z",
      "user_email": "yusuf.kara@rijksoverheid.nl",
      "name": "Assignment.create",
      "resource_id": 10,
      "context": {
        "assignment_name": "Opzet Zaaksysteem Vergunningen",
        "author_name": "Yusuf Kara"
      }
    }
  },
  {
    "model": "core.event",
    "pk": 14,
    "fields": {
      "timestamp": "2023-06-03T00:00:00Z",
      "user_email": "dirk.kuiper@rijksoverheid.nl",
      "name": "Assignment.create",
      "resource_id": 11,
      "context": {
        "assignment_name": "Vernieuwing Ketenintegratie Cybersecurity",
        "author_name": "Dirk Kuiper"
      }
    }
  },
  {
    "model": "core.event",
    "pk": 15,
    "fields": {
      "timestamp": "2023-11-27T00:00:00Z",
      "user_email": "anna.demir@rijksoverheid.nl",
      "name": "Assignment.create",
      "resource_id": 12,
      "context": {
        "assignment_name": "Optimalisatie Managementinformatie Bedrijfsvoering",
        "author_name": "Anna Demir"
      }
    }
  },
  {
    "model": "core.event",
    "pk": 16,
    "fields": {
      "timestamp": "2025-06-03T00:00:00Z",
      "user_email": "matthijs.beekman@rijksoverheid.nl",
      "name": "Assignment.create",
      "resource_id": 13,
      "context": {
        "assignment_name": "Opzet Wetgevingskalender",
        "author_name": "Matthijs Beekman"
      }
    }
  },
  {
    "model": "core.event",
    "pk": 17,
    "fields": {
      "timestamp": "2024-04-29T00:00:00Z",
      "user_email": "vera.visser@rijksoverheid.nl",
      "name": "Assignment.create",
      "resource_id": 14,
      "context": {
        "assignment_name": "Circulaire Economie Managementinformatie",
        "author_name": "Vera Visser"
      }
    }
  },
  {
    "model": "core.event",
    "pk": 18,
    "fields": {
      "timestamp": "2022-04-21T00:00:00Z",
      "user_email": "lotte.bakker@rijksoverheid.nl",
      "name": "Assignment.create",
      "resource_id": 15,
      "context": {
        "assignment_name": "Vernieuwing Zorgdata",
        "author_name": "Lotte Bakker"
      }
    }
  },
  {
    "model": "core.event",
    "pk": 19,
    "fields": {
      "timestamp": "2026-05-03T00:00:00Z",
      "user_email": "tim.hendriks@rijksoverheid.nl",
      "name": "Assignment.create",
      "resource_id": 16,
      "context": {
        "assignment_name": "Optimalisatie Burgerzaken",
        "author_name": "Tim Hendriks"
      }
    }
  },
  {
    "model": "core.event",
    "pk": 20,
    "fields": {
      "timestamp": "2025-08-03T00:00:00Z",
      "user_email": "mika.deboer@rijksoverheid.nl",
      "name": "Assignment.create",
      "resource_id": 17,
      "context": {
        "assignment_name": "Infrastructuur Registratie",
        "author_name": "Mika de Boer"
      }
    }
  },
  {
    "model": "core.event",
    "pk": 21,
    "fields": {
      "timestamp": "2023-09-19T00:00:00Z",
      "user_email": "thomas.jansen@rijksoverheid.nl",
      "name": "Assignment.create",
      "resource_id": 18,
      "context": {
        "assignment_name": "Uitrol Meldingensysteem Personeelsplanning",
        "author_name": "Thomas Jansen"
      }
    }
  },
  {
    "model": "core.event",
    "pk": 22,
    "fields": {
      "timestamp": "2024-06-27T00:00:00Z",
      "user_email": "wouter.peters@rijksoverheid.nl",
      "name": "Assignment.create",
      "resource_id": 19,
      "context": {
        "assignment_name": "Burgerzaken Dashboard",
        "author_name": "Wouter Peters"
      }
    }
  },
  {
    "model": "core.event",
    "pk": 23,
    "fields": {
      "timestamp": "2024-12-25T00:00:00Z",
      "user_email": "nils.berger@rijksoverheid.nl",
      "name": "Assignment.create",
      "resource_id": 20,
      "context": {
        "assignment_name": "Integratie Klimaatadaptatie",
        "author_name": "Nils Berger"
      }
    }
  },
  {
    "model": "core.event",
    "pk": 24,
    "fields": {
      "timestamp": "2026-05-13T00:00:00Z",
      "user_email": "pieter.vanderberg@rijksoverheid.nl",
      "name": "Assignment.create",
      "resource_id": 21,
      "context": {
        "assignment_name": "Open Data Architectuur",
        "author_name": "Pieter van der Berg"
      }
    }
  },
  {
    "model": "core.event",
    "pk": 25,
    "fields": {
      "timestamp": "2026-03-28T00:00:00Z",
      "user_email": "iris.degroot@rijksoverheid.nl",
      "name": "Assignment.create",
      "resource_id": 22,
      "context": {
        "assignment_name": "Personeelsplanning Werkplek",
        "author_name": "Iris de Groot"
      }
    }
  },
  {
    "model": "core.event",
    "pk": 26,
    "fields": {
      "timestamp": "2022-08-28T00:00:00Z",
      "user_email": "udo.fischer@rijksoverheid.nl",
      "name": "Assignment.create",
      "resource_id": 23,
      "context": {
        "assignment_name": "Ontwikkeling Wonen",
        "author_name": "Udo Fischer"
      }
    }
  },
  {
    "model": "core.event",
    "pk": 27,
    "fields": {
      "timestamp": "2026-01-22T00:00:00Z",
      "user_email": "udo.fischer@rijksoverheid.nl",
      "name": "Assignment.create",
      "resource_id": 24,
      "context": {
        "assignment_name": "Transitie Werkplek Digitale Toegankelijkheid",
        "author_name": "Udo Fischer"
      }
    }
  },
  {
    "model": "core.event",
    "pk": 28,
    "fields": {
      "timestamp": "2026-07-05T00:00:00Z",
      "user_email": "olga.ivanova@rijksoverheid.nl",
      "name": "Assignment.create",
      "resource_id": 25,
      "context": {
        "assignment_name": "Modernisering Inkoop en Aanbesteding",
        "author_name": "Olga Ivanova"
      }
    }
  },
  {
    "model": "core.event",
    "pk": 29,
    "fields": {
      "timestamp": "2026-04-01T00:00:00Z",
      "user_email": "naomi.schouten@rijksoverheid.nl",
      "name": "Assignment.create",
      "resource_id": 26,
      "context": {
        "assignment_name": "Financieel Beheer Meldingensysteem",
        "author_name": "Naomi Schouten"
      }
    }
  },
  {
    "model": "core.event",
    "pk": 30,
    "fields": {
      "timestamp": "2024-12-01T00:00:00Z",
      "user_email": "wesley.bos@rijksoverheid.nl",
      "name": "Assignment.create",
      "resource_id": 27,
      "context": {
        "assignment_name": "Opzet Financieel Beheer",
        "author_name": "Wesley Bos"
      }
    }
  },
  {
    "model": "core.event",
    "pk": 31,
    "fields": {
      "timestamp": "2024-10-19T00:00:00Z",
      "user_email": "koen.meijer@rijksoverheid.nl",
      "name": "Assignment.create",
      "resource_id": 28,
      "context": {
        "assignment_name": "Uitrol Werkplek Begrotingscyclus",
        "author_name": "Koen Meijer"
      }
    }
  },
  {
    "model": "core.event",
    "pk": 32,
    "fields": {
      "timestamp": "2024-10-11T00:00:00Z",
      "user_email": "mila.vandijk@rijksoverheid.nl",
      "name": "Assignment.create",
      "resource_id": 29,
      "context": {
        "assignment_name": "Algoritmeregister Informatiesysteem",
        "author_name": "Mila van Dijk"
      }
    }
  },
  {
    "model": "core.event",
    "pk": 33,
    "fields": {
      "timestamp": "2024-09-16T00:00:00Z",
      "user_email": "xander.willems@rijksoverheid.nl",
      "name": "Assignment.create",
      "resource_id": 30,
      "context": {
        "assignment_name": "Herontwerp Bedrijfsvoering",
        "author_name": "Xander Willems"
      }
    }
  },
  {
    "model": "core.event",
    "pk": 34,
    "fields": {
      "timestamp": "2025-01-01T00:00:00Z",
      "user_email": "fatima.elamrani@rijksoverheid.nl",
      "name": "Assignment.create",
      "resource_id": 31,
      "context": {
        "assignment_name": "Multi org",
        "author_name": "Fatima El Amrani"
      }
    }
  },
  {
    "model": "core.event",
    "pk": 35,
    "fields": {
      "timestamp": "2024-08-15T10:30:00Z",
      "user_email": "jan.smits@rijksoverheid.nl",
      "name": "Assignment.update",
      "resource_id": 6,
      "context": {
        "field_name": "name",
        "field_label": "Opdracht naam",
        "old_value": "Algoritmeregister Portaal",
        "new_value": "Algoritmeregister Dienstverleningsportaal",
        "author_name": "Jan Smits"
      }
    }
  },
  {
    "model": "core.event",
    "pk": 36,
    "fields": {
      "timestamp": "2023-05-20T14:00:00Z",
      "user_email": "rick.vandam@rijksoverheid.nl",
      "name": "Assignment.update",
      "resource_id": 3,
      "context": {
        "field_name": "extra_info",
        "field_label": "Beschrijving",
        "old_value": "",
        "new_value": "Verbetering van de open data-infrastructuur voor hergebruik door derden.",
        "author_name": "Rick van Dam"
      }
    }
  },
  {
    "model": "core.event",
    "pk": 37,
    "fields": {
      "timestamp": "2025-09-10T08:45:00Z",
      "user_email": "mika.deboer@rijksoverheid.nl",
      "name": "Assignment.update",
      "resource_id": 17,
      "context": {
        "field_name": "extra_info",
        "field_label": "Beschrijving",
        "old_value": "",
        "new_value": "Opbouw van registratiemodule gekoppeld aan bestaande infrastructuurcomponenten.",
        "author_name": "Mika de Boer"
      }
    }
  },
  {
    "model": "core.event",
    "pk": 38,
    "fields": {
      "timestamp": "2024-07-05T16:20:00Z",
      "user_email": "wouter.peters@rijksoverheid.nl",
      "name": "Assignment.update",
      "resource_id": 19,
      "context": {
        "field_name": "name",
        "field_label": "Opdracht naam",
        "old_value": "Dashboard Burgerzaken",
        "new_value": "Burgerzaken Dashboard",
        "author_name": "Wouter Peters"
      }
    }
  },
  {
    "model": "core.event",
    "pk": 39,
    "fields": {
      "timestamp": "2025-02-18T11:00:00Z",
      "user_email": "nils.berger@rijksoverheid.nl",
      "name": "Assignment.update",
      "resource_id": 20,
      "context": {
        "field_name": "extra_info",
        "field_label": "Beschrijving",
        "old_value": "",
        "new_value": "Integratie van klimaatadaptatiegegevens in bestaande beleidsmonitoringsystemen.",
        "author_name": "Nils Berger"
      }
    }
  },
  {
    "model": "core.event",
    "pk": 40,
    "fields": {
      "timestamp": "2024-11-20T13:15:00Z",
      "user_email": "fatima.elamrani@rijksoverheid.nl",
      "name": "Assignment.update",
      "resource_id": 1,
      "context": {
        "field_name": "extra_info",
        "field_label": "Beschrijving",
        "old_value": "",
        "new_value": "Realisatie van een centraal dataplatform voor onderwijsinstellingen en beleidsmakers.",
        "author_name": "Fatima El Amrani"
      }
    }
  },
  {
    "model": "core.event",
    "pk": 41,
    "fields": {
      "timestamp": "2026-02-05T09:30:00Z",
      "user_email": "naomi.schouten@rijksoverheid.nl",
      "name": "Assignment.update",
      "resource_id": 26,
      "context": {
        "field_name": "name",
        "field_label": "Opdracht naam",
        "old_value": "Financieel Meldingensysteem",
        "new_value": "Financieel Beheer Meldingensysteem",
        "author_name": "Naomi Schouten"
      }
    }
  },
  {
    "model": "core.assignment",
    "pk": 32,
    "fields": {
      "name": "Rijke historie",
      "start_date": "2025-09-01",
      "end_date": "2026-12-31",
      "extra_info": "Een opdracht met uitgebreide wijzigingshistorie, bedoeld om de tijdlijn goed te kunnen testen.",
      "owner": null,
      "source": "wies",
      "source_id": ""
    }
  },
  {
    "model": "core.service",
    "pk": 110,
    "fields": {
      "assignment": 32,
      "description": "Ontwerp en realisatie van een tijdlijn voor wijzigingshistorie",
      "skill": 1,
      "period_source": "ASSIGNMENT",
      "source": "wies",
      "source_id": "",
      "status": "OPEN"
    }
  },
  {
    "model": "core.service",
    "pk": 111,
    "fields": {
      "assignment": 32,
      "description": "Technisch ontwerp en review van de event-logging architectuur",
      "skill": 4,
      "period_source": "ASSIGNMENT",
      "source": "wies",
      "source_id": "",
      "status": "FILLED"
    }
  },
  {
    "model": "core.placement",
    "pk": 52,
    "fields": {
      "colleague": 3,
      "service": 111,
      "period_source": "SERVICE",
      "specific_start_date": null,
      "specific_end_date": null,
      "source": "wies",
      "source_id": ""
    }
  },
  {
    "model": "core.assignmentorganizationunit",
    "pk": 34,
    "fields": {
      "assignment": 32,
      "organization": 1,
      "role": "PRIMARY"
    }
  },
  {
    "model": "core.event",
    "pk": 42,
    "fields": {
      "timestamp": "2025-09-01T10:00:00Z",
      "user_email": "matthijs.beekman@rijksoverheid.nl",
      "name": "Assignment.create",
      "resource_id": 32,
      "context": {
        "assignment_name": "Rijke historie",
        "author_name": "Matthijs Beekman"
      }
    }
  },
  {
    "model": "core.event",
    "pk": 43,
    "fields": {
      "timestamp": "2025-09-15T14:22:00Z",
      "user_email": "matthijs.beekman@rijksoverheid.nl",
      "name": "Assignment.update",
      "resource_id": 32,
      "context": {
        "field_name": "name",
        "field_label": "Opdracht naam",
        "old_value": "Historie project",
        "new_value": "Rijke historie",
        "author_name": "Matthijs Beekman"
      }
    }
  },
  {
    "model": "core.event",
    "pk": 44,
    "fields": {
      "timestamp": "2025-10-03T09:45:00Z",
      "user_email": "anna.demir@rijksoverheid.nl",
      "name": "Assignment.update",
      "resource_id": 32,
      "context": {
        "field_name": "extra_info",
        "field_label": "Beschrijving",
        "old_value": "",
        "new_value": "Een opdracht met uitgebreide wijzigingshistorie, bedoeld om de tijdlijn goed te kunnen testen.",
        "author_name": "Anna Demir"
      }
    }
  },
  {
    "model": "core.event",
    "pk": 45,
    "fields": {
      "timestamp": "2026-01-12T11:30:00Z",
      "user_email": "fatima.elamrani@rijksoverheid.nl",
      "name": "Assignment.update",
      "resource_id": 32,
      "context": {
        "field_name": "name",
        "field_label": "Opdracht naam",
        "old_value": "Rijke historie",
        "new_value": "Rijke historie v2",
        "author_name": "Fatima El Amrani"
      }
    }
  },
  {
    "model": "core.event",
    "pk": 46,
    "fields": {
      "timestamp": "2026-03-20T16:05:00Z",
      "user_email": "matthijs.beekman@rijksoverheid.nl",
      "name": "Assignment.update",
      "resource_id": 32,
      "context": {
        "field_name": "name",
        "field_label": "Opdracht naam",
        "old_value": "Rijke historie v2",
        "new_value": "Rijke historie",
        "author_name": "Matthijs Beekman"
      }
    }
  }
]
